30;39200;77200;0
90;39000;77200;0
220;39000;77200;0
280;38900;77200;0
340;38800;77200;0
460;38700;77200;0
520;38600;77300;0
580;38600;77300;0
700;38500;77300;0
770;38400;77300;0
830;38300;77300;0
950;38300;77300;0
1010;38100;77300;0
1080;38100;77300;0
1140;38000;77400;0
1200;38000;77400;0
1330;37900;77400;0
1390;37800;77400;0
1460;37700;77400;0
1520;37600;77400;0
1580;37600;77400;0
1650;37500;77400;0
1710;37500;77500;0
1770;37400;77500;0
1840;37300;77500;0
1900;37300;77500;0
1970;37200;77500;0
2030;37100;77500;0
2090;37100;77500;0
2160;37000;77500;0
2220;36900;77500;0
2290;36900;77600;0
2350;36800;77600;0
2420;36800;77600;0
2480;36700;77600;0
2550;36600;77600;0
2610;36600;77600;0
2750;36500;77600;0
2810;36400;77600;0
2940;36300;77700;0
3010;36200;77700;0
3140;36100;77700;0
3210;36000;77700;0
3270;35900;77700;0
3410;35800;77700;0
3470;35700;77800;0
3540;35700;77800;0
3610;35600;77800;0
3670;35500;77800;0
3740;35500;77800;0
3810;35400;77800;0
3880;35300;77800;0
4010;35300;77800;0
4080;35100;77900;0
4150;35100;77900;0
4210;35000;77900;0
4280;34900;77900;0
4350;34900;77900;0
4420;34800;77900;0
4490;34700;77900;0
4620;34700;78000;0
4690;34500;78000;0
4830;34500;78000;0
4900;34300;78000;0
5040;34200;78000;0
5110;34100;78000;0
5180;34000;78100;0
5250;34000;78100;0
5320;33900;78100;0
5380;33800;78100;0
5520;33800;78100;0
5590;33600;78100;0
5660;33600;78100;0
5800;33500;78200;0
5870;33400;78200;0
6020;33300;78200;0
6090;33100;78200;0
6160;33100;78200;0
6300;33000;78200;0
6370;32900;78300;0
6440;32800;78300;0
6510;32700;78300;0
6650;32700;78300;0
6720;32500;78300;0
6870;32500;78300;0
6940;32300;78400;0
7010;32200;78400;0
7150;32200;78400;0
7230;32000;78400;0
7370;32000;78400;0
7440;31800;78500;0
7590;31700;78500;0
7660;31600;78500;0
7730;31500;78500;0
7880;31500;78500;0
7950;31300;78600;0
8100;31200;78600;0
8170;31100;78600;0
8320;31000;78600;0
8390;30900;78600;0
8460;30800;78600;0
8540;30700;78700;0
8680;30700;78700;0
8760;30500;78700;0
8830;30500;78700;0
8980;30400;78700;0
9050;30200;78700;0
9200;30200;78800;0
9270;30000;78800;0
9350;29900;78800;0
9420;29900;78800;0
9570;29800;78800;0
9640;29700;78900;0
9790;29600;78900;0
9860;29400;78900;0
9940;29400;78900;0
10010;29300;78900;0
10090;29200;78900;0
10160;29100;78900;0
10240;29100;79000;0
10310;29000;79000;0
10460;28900;79000;0
10530;28800;79000;0
10610;28700;79000;0
10760;28600;79000;0
10830;28500;79100;0
10910;28400;79100;0
10980;28300;79100;0
11130;28300;79100;0
11210;28100;79100;0
11280;28000;79100;0
11430;28000;79200;0
11510;27800;79200;0
11580;27700;79200;0
11730;27700;79200;0
11810;27500;79200;0
11890;27400;79200;0
12040;27400;79300;0
12110;27200;79300;0
12260;27100;79300;0
12340;27000;79300;0
12410;26900;79300;0
12570;26800;79300;0
12640;26700;79400;0
12790;26600;79400;0
12870;26500;79400;0
12950;26400;79400;0
13100;26300;79400;0
13170;26200;79500;0
13250;26100;79500;0
13330;26000;79500;0
13480;25900;79500;0
13560;25800;79500;0
13710;25700;79500;0
13780;25600;79500;0
13940;25500;79600;0
14010;25300;79600;0
14090;25300;79600;0
14170;25200;79600;0
14240;25100;79600;0
14320;25000;79600;0
14470;25000;79600;0
14550;24800;79700;0
14630;24700;79700;0
14780;24700;79700;0
14860;24500;79700;0
14930;24400;79700;0
15010;24400;79700;0
15090;24300;79800;0
15240;24200;79800;0
15320;24100;79800;0
15390;24000;79800;0
15550;23900;79800;0
15630;23800;79800;0
15700;23700;79900;0
15860;23600;79900;0
15930;23500;79900;0
16010;23400;79900;0
16170;23300;79900;0
16240;23100;79900;0
16400;23100;80000;0
16470;22900;80000;0
16550;22800;80000;0
16710;22800;80000;0
16780;22600;80000;0
16860;22500;80000;0
17020;22500;80100;0
17090;22300;80100;0
17250;22200;80100;0
17330;22100;80100;0
17400;22000;80100;0
17480;21900;80100;0
17640;21800;80200;0
17720;21700;80200;0
17790;21600;80200;0
17950;21500;80200;0
18030;21400;80200;0
18100;21300;80200;0
18180;21200;80300;0
18340;21200;80300;0
18420;21000;80300;0
18570;20900;80300;0
18650;20800;80300;0
18730;20700;80300;0
18880;20600;80400;0
18960;20500;80400;0
19040;20400;80400;0
19200;20300;80400;0
19270;20200;80400;0
19430;20100;80400;0
19510;19900;80500;0
19590;19800;80500;0
19740;19800;80500;0
19820;19600;80500;0
19980;19500;80500;0
20060;19400;80600;0
20220;19300;80600;0
20290;19100;80600;0
20370;19100;80600;0
20530;19000;80600;0
20610;18800;80600;0
20690;18800;80700;0
20760;18700;80700;0
20840;18600;80700;0
20920;18500;80700;0
21000;18500;80700;0
21080;18400;80700;0
21240;18300;80700;0
21320;18100;80800;0
21470;18100;80800;0
21550;17900;80800;0
21630;17800;80800;0
21790;17800;80800;0
21870;17600;80900;0
21950;17500;80900;0
22030;17400;80900;0
22180;17400;80900;0
22260;17200;80900;0
22340;17100;80900;0
22500;17100;80900;0
22580;16900;81000;0
22660;16800;81000;0
22740;16700;81000;0
22820;16700;81000;0
22900;16600;81000;0
23050;16500;81000;0
23130;16300;81100;0
23290;16300;81100;0
23370;16100;81100;0
23530;16000;81100;0
23610;15900;81100;0
23690;15800;81100;0
23850;15700;81200;0
23930;15600;81200;0
24080;15500;81200;0
24160;15300;81200;0
24240;15300;81200;0
24320;15200;81200;0
24480;15100;81300;0
24560;14900;81300;0
24640;14900;81300;0
24800;14800;81300;0
24880;14600;81300;0
24960;14500;81300;0
25120;14500;81400;0
25200;14300;81400;0
25360;14200;81400;0
25440;14100;81400;0
25600;14000;81400;0
25670;13800;81500;0
25750;13800;81500;0
25910;13700;81500;0
25990;13500;81500;0
26150;13400;81500;0
26230;13300;81500;0
26390;13200;81600;0
26470;13100;81600;0
26550;13000;81600;0
26630;12900;81600;0
26790;12800;81600;0
26870;12700;81600;0
26950;12600;81600;0
27110;12500;81700;0
27190;12300;81700;0
27270;12300;81700;0
27430;12200;81700;0
27510;12000;81700;0
27590;11900;81700;0
27750;11900;81800;0
27830;11700;81800;0
27910;11600;81800;0
27990;11600;81800;0
28150;11500;81800;0
28230;11300;81800;0
28310;11200;81900;0
28470;11200;81900;0
28550;11000;81900;0
28710;10900;81900;0
28790;10800;81900;0
28870;10700;81900;0
29030;10600;82000;0
29110;10400;82000;0
29190;10400;82000;0
29350;10300;82000;0
29430;10100;82000;0
29590;10100;82000;0
29670;9900;82100;0
29830;9800;82100;0
29910;9700;82100;0
29990;9600;82100;0
30070;9500;82100;0
30150;9400;82100;0
30230;9300;82100;0
30310;9300;82200;0
30470;9200;82200;0
30550;9000;82200;0
30710;8900;82200;0
30790;8800;82200;0
30870;8700;82200;0
31030;8600;82300;0
31110;8500;82300;0
31270;8400;82300;0
31350;8200;82300;0
31430;8200;82300;0
31510;8100;82300;0
31670;8000;82400;0
31750;7800;82400;0
31910;7800;82400;0
31990;7600;82400;0
32070;7500;82400;0
32150;7400;82400;0
32230;7400;82500;0
32310;7300;82500;0
32390;7200;82500;0
32470;7100;82500;0
32630;7000;82500;0
32710;6900;82500;0
32870;6800;82500;0
32950;6700;82600;0
33110;6600;82600;0
33190;6400;82600;0
33270;6300;82600;0
33430;6300;82600;0
33510;6100;82700;0
33590;6000;82700;0
33740;5900;82700;0
33820;5800;82700;0
33900;5700;82700;0
34060;5600;82700;0
34140;5500;82800;0
34300;5400;82800;0
34380;5200;82800;0
34460;5200;82800;0
34620;5100;82800;0
34700;4900;82800;0
34780;4800;82900;0
34940;4800;82900;0
35020;4600;82900;0
35180;4500;82900;0
35260;4400;82900;0
35340;4300;82900;0
35500;4200;83000;0
35580;4000;83000;0
35660;4000;83000;0
35820;3900;83000;0
35900;3700;83000;0
35980;3700;83000;0
36140;3600;83100;0
36220;3400;83100;0
36380;3300;83100;0
36460;3200;83100;0
36620;3100;83100;0
36700;2900;83200;0
36780;2900;83200;0
36940;2800;83200;0
37020;2600;83200;0
37100;2600;83200;0
37260;2500;83200;0
37330;2300;83300;0
37410;2200;83300;0
37490;2200;83300;0
37650;2100;83300;0
37730;1900;83300;0
37800;1900;83300;0
37880;1800;83300;0
38030;1700;83400;0
38110;1600;83400;0
38180;1500;83400;0
38340;1400;83400;0
38410;1300;83400;0
38560;1200;83400;0
38630;1000;83500;0
38710;1000;83500;0
38850;900;83500;0
38920;700;83500;0
38990;700;83500;0
39140;600;83500;0
39210;500;83600;0
39350;400;83600;0
39410;300;83600;0
39480;200;83600;0
39620;100;83600;0
39690;0;83600;0
39820;-100;83700;0
39890;-200;83700;0
39950;-300;83700;0
40080;-300;83700;0
40150;-500;83700;0
40210;-500;83700;0
40340;-600;83700;0
40400;-700;83800;0
40460;-800;83800;0
40580;-800;83800;0
40640;-1000;83800;0
40700;-1000;83800;0
40820;-1100;83800;0
40880;-1200;83800;0
40940;-1300;83900;0
41050;-1300;83900;0
41110;-1400;83900;0
41160;-1500;83900;0
41270;-1500;83900;0
41330;-1600;83900;0
41440;-1700;83900;0
41490;-1800;84000;0
41540;-1900;84000;0
41640;-1900;84000;0
41690;-2000;84000;0
41740;-2100;84000;0
41790;-2100;84000;0
41840;-2200;84000;0
41940;-2200;84000;0
41990;-2300;84100;0
42030;-2300;84100;0
42130;-2400;84100;0
42170;-2500;84100;0
42260;-2500;84100;0
42300;-2600;84100;0
42390;-2700;84100;0
42430;-2700;84200;0
42470;-2800;84200;0
42560;-2800;84200;0
42600;-2900;84200;0
42670;-2900;84200;0
42710;-3000;84200;0
42750;-3000;84300;0
42790;-3100;84300;0
42820;-3100;84300;0
42860;-3200;84300;0
42900;-3200;84300;0
42930;-3200;84300;0
43000;-3300;84300;0
43030;-3300;84400;0
43100;-3400;84400;0
43130;-3400;84400;0
43200;-3400;84400;0
43230;-3500;84400;0
43290;-3500;84400;0
43320;-3600;84500;0
43380;-3600;84500;0
43410;-3700;84500;0
43470;-3700;84500;0
43500;-3800;84500;0
43560;-3800;84500;0
43590;-3800;84600;0
43650;-3900;84600;0
43680;-3900;84600;0
43740;-3900;84600;0
43770;-4000;84600;0
43820;-4000;84600;0
43850;-4000;84700;0
43910;-4100;84700;0
43940;-4100;84700;0
44000;-4100;84700;0
44030;-4200;84700;0
44090;-4200;84700;0
44120;-4200;84800;0
44170;-4300;84800;0
44200;-4300;84800;0
44260;-4300;84800;0
44300;-4400;84900;0
44380;-4400;84900;0
44420;-4400;84900;0
44490;-4500;84900;0
44530;-4500;85000;0
44600;-4500;85000;0
44630;-4500;85000;0
44700;-4600;85000;0
44740;-4600;85000;0
44800;-4600;85100;0
44840;-4600;85100;0
44900;-4700;85100;0
44940;-4700;85100;0
45000;-4700;85200;0
45040;-4700;85200;0
45100;-4800;85200;0
45140;-4800;85300;0
45200;-4800;85300;0
45240;-4800;85300;0
45300;-4800;85300;0
45320;-4900;85400;0
45370;-4900;85400;0
45390;-4900;85400;0
45440;-4900;85500;0
45470;-4900;85500;0
45510;-5000;85500;0
45540;-5000;85600;0
45560;-5000;85600;0
45590;-5000;85600;0
45610;-5000;85600;0
45660;-5000;85600;0
45680;-5000;85700;0
45700;-5000;85700;0
45730;-5000;85700;0
45750;-5100;85700;0
45780;-5100;85800;0
45800;-5100;85800;0
45850;-5100;85800;0
45870;-5100;85900;0
45890;-5100;85900;0
45920;-5100;85900;0
45960;-5100;85900;0
45990;-5100;86000;0
46040;-5100;86000;0
46060;-5100;86000;0
46110;-5100;86100;0
46130;-5100;86100;0
46180;-5200;86100;0
46200;-5200;86200;0
46250;-5200;86200;0
46270;-5200;86200;0
46320;-5200;86300;0
46340;-5200;86300;0
46360;-5200;86300;0
46390;-5200;86400;0
46410;-5200;86400;0
46430;-5200;86400;0
46460;-5200;86400;0
46500;-5200;86400;0
46520;-5200;86500;0
46550;-5200;86500;0
46570;-5200;86500;0
46620;-5200;86600;0
46640;-5200;86600;0
46690;-5200;86600;0
46710;-5200;86700;0
46730;-5200;86700;0
46780;-5200;86700;0
46820;-5200;86800;0
46850;-5200;86800;0
46890;-5200;86800;0
46920;-5200;86900;0
46960;-5200;86900;0
46980;-5200;87000;0
47030;-5200;87000;0
47050;-5200;87000;0
47100;-5200;87000;0
47120;-5200;87100;0
47170;-5200;87100;0
47190;-5200;87200;0
47240;-5200;87200;0
47260;-5200;87200;0
47280;-5200;87300;0
47310;-5200;87300;0
47350;-5200;87300;0
47380;-5200;87300;0
47420;-5200;87400;0
47450;-5200;87400;0
47490;-5200;87400;0
47520;-5200;87500;0
47560;-5200;87500;0
47590;-5300;87600;0
47610;-5300;87600;0
47630;-5300;87600;0
47650;-5300;87600;0
47680;-5300;87600;0
47700;-5300;87700;0
47720;-5300;87700;0
47750;-5300;87700;0
47770;-5300;87700;0
47790;-5300;87800;0
47820;-5300;87800;0
47860;-5300;87800;0
47890;-5300;87900;0
47930;-5300;87900;0
47960;-5300;87900;0
47980;-5300;87900;0
48000;-5300;88000;0
48020;-5300;88000;0
48050;-5300;88000;0
48070;-5300;88000;0
48090;-5300;88100;0
48120;-5300;88100;0
48140;-5300;88100;0
48160;-5300;88100;0
48190;-5300;88100;0
48210;-5300;88200;0
48230;-5300;88200;0
48250;-5300;88200;0
48300;-5300;88200;0
48320;-5300;88300;0
48370;-5300;88300;0
48390;-5400;88400;0
48410;-5400;88400;0
48440;-5400;88400;0
48480;-5400;88400;0
48510;-5400;88500;0
48550;-5400;88500;0
48570;-5400;88500;0
48600;-5400;88600;0
48620;-5400;88600;0
48640;-5400;88600;0
48660;-5400;88600;0
48690;-5400;88600;0
48710;-5400;88700;0
48730;-5400;88700;0
48780;-5500;88700;0
48800;-5500;88700;0
48850;-5500;88800;0
48870;-5500;88800;0
48910;-5500;88800;0
48930;-5500;88900;0
48960;-5500;88900;0
48980;-5500;88900;0
49020;-5600;88900;0
49050;-5600;89000;0
49100;-5600;89000;0
49120;-5600;89000;0
49180;-5600;89100;0
49200;-5600;89100;0
49250;-5700;89100;0
49280;-5700;89100;0
49300;-5700;89200;0
49330;-5700;89200;0
49360;-5700;89200;0
49380;-5700;89200;0
49410;-5800;89200;0
49460;-5800;89300;0
49480;-5800;89300;0
49510;-5800;89300;0
49540;-5800;89300;0
49560;-5800;89300;0
49590;-5900;89400;0
49610;-5900;89400;0
49640;-5900;89400;0
49670;-5900;89400;0
49700;-5900;89400;0
49750;-5900;89400;0
49780;-6000;89500;0
49830;-6000;89500;0
49860;-6000;89500;0
49890;-6000;89500;0
49920;-6000;89500;0
49950;-6100;89600;0
50010;-6100;89600;0
50040;-6100;89600;0
50070;-6100;89600;0
50100;-6100;89600;0
50120;-6200;89600;0
50150;-6200;89700;0
50180;-6200;89700;0
50200;-6200;89700;0
50230;-6200;89700;0
50260;-6300;89700;0
50280;-6300;89700;0
50310;-6300;89700;0
50330;-6300;89700;0
50360;-6300;89800;0
50390;-6300;89800;0
50410;-6400;89800;0
50440;-6400;89800;0
50460;-6400;89800;0
50490;-6400;89800;0
50510;-6400;89800;0
50540;-6500;89800;0
50560;-6500;89800;0
50590;-6500;89900;0
50610;-6500;89900;0
50640;-6500;89900;0
50690;-6600;89900;0
50710;-6600;89900;0
50740;-6600;89900;0
50760;-6600;89900;0
50790;-6700;89900;0
50810;-6700;89900;0
50830;-6700;89900;0
50880;-6700;90000;0
50910;-6800;90000;0
50930;-6800;90000;0
50960;-6800;90000;0
50980;-6800;90000;0
51030;-6800;90000;0
51060;-6900;90000;0
51100;-6900;90000;0
51120;-6900;90000;0
51140;-7000;90100;0
51160;-7000;90100;0
51190;-7000;90100;0
51210;-7000;90100;0
51230;-7000;90100;0
51250;-7100;90100;0
51270;-7100;90100;0
51290;-7100;90100;0
51320;-7100;90100;0
51340;-7200;90100;0
51360;-7200;90100;0
51380;-7200;90100;0
51400;-7200;90100;0
51420;-7200;90100;0
51450;-7300;90100;0
51470;-7300;90200;0
51490;-7300;90200;0
51530;-7300;90200;0
51550;-7400;90200;0
51580;-7400;90200;0
51600;-7400;90200;0
51620;-7400;90200;0
51640;-7400;90200;0
51660;-7500;90200;0
51710;-7500;90200;0
51730;-7500;90200;0
51750;-7500;90200;0
51770;-7600;90200;0
51810;-7600;90200;0
51840;-7600;90300;0
51880;-7700;90300;0
51900;-7700;90300;0
51940;-7700;90300;0
51970;-7800;90300;0
51990;-7800;90300;0
52010;-7800;90300;0
52030;-7800;90300;0
52050;-7800;90300;0
52070;-7900;90300;0
52100;-7900;90300;0
52120;-7900;90300;0
52160;-7900;90300;0
52180;-8000;90300;0
52230;-8000;90300;0
52250;-8000;90300;0
52270;-8100;90300;0
52290;-8100;90400;0
52310;-8100;90400;0
52340;-8100;90400;0
52360;-8100;90400;0
52380;-8200;90400;0
52400;-8200;90400;0
52420;-8200;90400;0
52440;-8200;90400;0
52490;-8300;90400;0
52510;-8300;90400;0
52530;-8300;90400;0
52550;-8300;90400;0
52600;-8400;90400;0
52620;-8400;90400;0
52640;-8400;90400;0
52660;-8400;90400;0
52680;-8500;90400;0
52700;-8500;90400;0
52730;-8500;90400;0
52770;-8500;90400;0
52790;-8600;90400;0
52830;-8600;90400;0
52860;-8600;90500;0
52880;-8700;90500;0
52900;-8700;90500;0
52920;-8700;90500;0
52940;-8700;90500;0
52960;-8700;90500;0
53010;-8800;90500;0
53030;-8800;90500;0
53070;-8800;90500;0
53090;-8900;90500;0
53120;-8900;90500;0
53140;-8900;90500;0
53160;-8900;90500;0
53180;-9000;90500;0
53200;-9000;90500;0
53220;-9000;90500;0
53250;-9000;90500;0
53290;-9000;90500;0
53310;-9100;90500;0
53330;-9100;90500;0
53350;-9100;90500;0
53370;-9100;90500;0
53400;-9200;90500;0
53420;-9200;90500;0
53460;-9200;90500;0
53480;-9300;90600;0
53500;-9300;90600;0
53530;-9300;90600;0
53550;-9300;90600;0
53570;-9300;90600;0
53590;-9400;90600;0
53630;-9400;90600;0
53650;-9400;90600;0
53680;-9400;90600;0
53700;-9500;90600;0
53720;-9500;90600;0
53740;-9500;90600;0
53760;-9500;90600;0
53810;-9600;90600;0
53830;-9600;90600;0
53850;-9600;90600;0
53870;-9600;90600;0
53910;-9700;90600;0
53930;-9700;90600;0
53960;-9700;90600;0
53980;-9700;90600;0
54000;-9800;90600;0
54030;-9800;90600;0
54050;-9800;90600;0
54100;-9800;90600;0
54120;-9900;90600;0
54170;-9900;90600;0
54190;-10000;90700;0
54220;-10000;90700;0
54250;-10000;90700;0
54300;-10000;90700;0
54320;-10100;90700;0
54380;-10100;90700;0
54410;-10200;90700;0
54460;-10200;90700;0
54490;-10200;90700;0
54550;-10300;90700;0
54580;-10300;90700;0
54640;-10400;90700;0
54670;-10400;90700;0
54730;-10400;90700;0
54760;-10500;90700;0
54820;-10500;90700;0
54850;-10600;90700;0
54920;-10600;90700;0
54950;-10700;90700;0
55020;-10700;90700;0
55050;-10800;90700;0
55120;-10800;90700;0
55150;-10900;90700;0
55220;-10900;90700;0
55260;-11000;90700;0
55330;-11000;90800;0
55370;-11100;90800;0
55440;-11100;90800;0
55480;-11200;90800;0
55550;-11300;90800;0
55590;-11300;90800;0
55670;-11400;90800;0
55710;-11400;90800;0
55750;-11500;90800;0
55790;-11500;90800;0
55830;-11600;90800;0
55870;-11600;90800;0
55910;-11600;90800;0
55950;-11700;90800;0
56030;-11700;90800;0
56070;-11800;90800;0
56110;-11800;90800;0
56150;-11900;90800;0
56190;-11900;90800;0
56240;-12000;90800;0
56280;-12000;90800;0
56320;-12000;90800;0
56360;-12100;90800;0
56410;-12100;90800;0
56450;-12200;90800;0
56490;-12200;90900;0
56530;-12300;90900;0
56580;-12300;90900;0
56620;-12300;90900;0
56660;-12400;90900;0
56710;-12400;90900;0
56750;-12500;90900;0
56800;-12500;90900;0
56840;-12600;90900;0
56880;-12600;90900;0
56930;-12600;90900;0
56970;-12700;90900;0
57020;-12700;90900;0
57110;-12800;90900;0
57160;-12900;90900;0
57200;-12900;90900;0
57250;-13000;90900;0
57300;-13000;90900;0
57350;-13000;90900;0
57390;-13100;90900;0
57440;-13100;90900;0
57490;-13200;90900;0
57580;-13200;90900;0
57630;-13300;90900;0
57680;-13400;90900;0
57730;-13400;90900;0
57780;-13500;90900;0
57820;-13500;90900;0
57870;-13600;90900;0
57920;-13600;90900;0
57970;-13700;90900;0
58020;-13700;90900;0
58070;-13800;90900;0
58120;-13800;90900;0
58170;-13900;90900;0
58220;-13900;90900;0
58270;-14000;90900;0
58320;-14000;90900;0
58370;-14100;90900;0
58420;-14100;90900;0
58530;-14200;90900;0
58580;-14300;90900;0
58680;-14300;90800;0
58730;-14400;90800;0
58780;-14500;90800;0
58840;-14500;90800;0
58940;-14600;90800;0
58990;-14700;90800;0
59040;-14700;90800;0
59100;-14800;90800;0
59150;-14800;90800;0
59200;-14900;90800;0
59250;-14900;90800;0
59360;-15000;90800;0
59410;-15100;90700;0
59460;-15100;90700;0
59520;-15200;90700;0
59570;-15200;90700;0
59620;-15300;90700;0
59680;-15300;90700;0
59730;-15400;90700;0
59780;-15400;90700;0
59890;-15500;90700;0
59950;-15600;90600;0
60000;-15600;90600;0
60050;-15700;90600;0
60110;-15700;90600;0
60220;-15800;90600;0
60270;-15900;90500;0
60330;-16000;90500;0
60380;-16000;90500;0
60440;-16100;90500;0
60550;-16100;90500;0
60600;-16200;90400;0
60660;-16300;90400;0
60710;-16300;90400;0
60820;-16400;90400;0
60880;-16500;90400;0
60990;-16500;90300;0
61050;-16600;90300;0
61160;-16700;90300;0
61220;-16800;90200;0
61330;-16800;90200;0
61390;-17000;90200;0
61500;-17000;90200;0
61560;-17100;90100;0
61680;-17200;90100;0
61730;-17300;90100;0
61790;-17300;90000;0
61850;-17400;90000;0
61910;-17400;90000;0
62030;-17500;90000;0
62090;-17600;89900;0
62200;-17600;89900;0
62260;-17700;89800;0
62320;-17800;89800;0
62380;-17800;89800;0
62440;-17900;89800;0
62500;-18000;89700;0
62560;-18000;89700;0
62620;-18100;89700;0
62740;-18100;89600;0
62800;-18200;89600;0
62920;-18300;89600;0
62980;-18400;89500;0
63040;-18400;89500;0
63100;-18500;89400;0
63230;-18500;89400;0
63290;-18600;89400;0
63410;-18700;89300;0
63470;-18800;89300;0
63530;-18800;89200;0
63590;-18900;89200;0
63720;-18900;89200;0
63780;-19000;89100;0
63840;-19100;89100;0
63900;-19200;89000;0
63960;-19200;89000;0
64020;-19300;89000;0
64090;-19300;88900;0
64150;-19400;88900;0
64210;-19400;88900;0
64270;-19500;88800;0
64340;-19500;88800;0
64400;-19600;88700;0
64460;-19600;88700;0
64520;-19700;88700;0
64590;-19700;88600;0
64650;-19800;88600;0
64770;-19800;88600;0
64840;-19900;88500;0
64900;-19900;88400;0
65030;-20000;88400;0
65090;-20100;88300;0
65150;-20100;88300;0
65280;-20200;88300;0
65340;-20300;88200;0
65400;-20300;88100;0
65470;-20400;88100;0
65530;-20400;88000;0
65660;-20500;88000;0
65720;-20600;87900;0
65780;-20600;87900;0
65910;-20700;87800;0
65970;-20800;87800;0
66100;-20800;87700;0
66160;-20900;87600;0
66290;-20900;87600;0
66350;-21000;87500;0
66480;-21100;87500;0
66550;-21200;87400;0
66670;-21200;87300;0
66740;-21300;87200;0
66860;-21300;87200;0
66930;-21400;87100;0
67060;-21500;87000;0
67120;-21500;86900;0
67250;-21600;86900;0
67310;-21700;86800;0
67380;-21700;86800;0
67440;-21800;86700;0
67510;-21800;86700;0
67640;-21800;86600;0
67700;-21900;86500;0
67830;-22000;86500;0
67900;-22000;86400;0
68030;-22100;86300;0
68090;-22200;86200;0
68220;-22200;86200;0
68290;-22300;86100;0
68360;-22300;86000;0
68420;-22400;86000;0
68490;-22400;85900;0
68550;-22400;85900;0
68620;-22500;85800;0
68750;-22500;85800;0
68820;-22600;85600;0
68890;-22600;85600;0
68950;-22700;85500;0
69020;-22700;85500;0
69080;-22800;85400;0
69150;-22800;85400;0
69280;-22800;85300;0
69350;-22900;85200;0
69480;-22900;85200;0
69550;-23000;85100;0
69680;-23100;85000;0
69750;-23100;84900;0
69890;-23200;84800;0
69950;-23200;84700;0
70090;-23300;84700;0
70150;-23400;84600;0
70290;-23400;84500;0
70360;-23500;84400;0
70490;-23500;84300;0
70560;-23600;84200;0
70630;-23600;84200;0
70700;-23700;84100;0
70770;-23700;84000;0
70840;-23700;84000;0
70900;-23800;83900;0
70970;-23800;83900;0
71040;-23800;83800;0
71110;-23900;83800;0
71180;-23900;83700;0
71250;-24000;83600;0
71390;-24000;83600;0
71460;-24100;83500;0
71600;-24100;83400;0
71670;-24200;83300;0
71740;-24200;83200;0
71810;-24300;83200;0
71880;-24300;83100;0
71950;-24300;83100;0
72020;-24400;83000;0
72090;-24400;82900;0
72160;-24400;82900;0
72230;-24500;82800;0
72380;-24500;82800;0
72450;-24600;82600;0
72590;-24600;82600;0
72660;-24700;82500;0
72740;-24800;82400;0
72810;-24800;82300;0
72880;-24800;82300;0
72950;-24900;82200;0
73030;-24900;82100;0
73100;-24900;82100;0
73170;-25000;82000;0
73320;-25000;82000;0
73390;-25100;81800;0
73460;-25100;81800;0
73540;-25200;81700;0
73610;-25200;81700;0
73690;-25300;81600;0
73760;-25300;81500;0
73910;-25300;81500;0
73980;-25400;81300;0
74060;-25500;81300;0
74130;-25500;81200;0
74210;-25500;81200;0
74280;-25600;81100;0
74360;-25600;81000;0
74430;-25700;81000;0
74580;-25700;80900;0
74660;-25800;80800;0
74740;-25800;80700;0
74810;-25900;80600;0
74890;-25900;80600;0
74960;-25900;80500;0
75040;-26000;80400;0
75120;-26000;80400;0
75190;-26100;80300;0
75270;-26100;80300;0
75350;-26100;80200;0
75420;-26200;80100;0
75580;-26200;80100;0
75660;-26300;79900;0
75810;-26400;79900;0
75890;-26400;79700;0
76040;-26500;79700;0
76120;-26600;79500;0
76200;-26600;79500;0
76280;-26600;79400;0
76360;-26700;79300;0
76440;-26700;79300;0
76510;-26800;79200;0
76590;-26800;79100;0
76750;-26900;79100;0
76830;-26900;78900;0
76910;-27000;78900;0
76990;-27000;78800;0
77070;-27100;78700;0
77150;-27100;78700;0
77230;-27100;78600;0
77390;-27200;78500;0
77470;-27300;78400;0
77550;-27300;78300;0
77630;-27400;78300;0
77710;-27400;78200;0
77790;-27400;78100;0
77870;-27500;78100;0
78030;-27500;78000;0
78110;-27600;77900;0
78190;-27700;77800;0
78270;-27700;77700;0
78430;-27700;77700;0
78510;-27800;77500;0
78590;-27900;77400;0
78670;-27900;77400;0
78760;-28000;77300;0
78920;-28000;77200;0
79000;-28100;77100;0
79160;-28100;77000;0
79250;-28200;76900;0
79330;-28300;76800;0
79410;-28300;76800;0
79490;-28400;76700;0
79580;-28400;76600;0
79740;-28400;76500;0
79820;-28500;76400;0
79990;-28600;76300;0
80070;-28700;76200;0
80240;-28700;76100;0
80320;-28800;76000;0
80490;-28800;75900;0
80570;-28900;75800;0
80740;-29000;75700;0
80820;-29100;75600;0
80990;-29100;75500;0
81070;-29200;75400;0
81240;-29200;75300;0
81320;-29300;75100;0
81410;-29400;75100;0
81490;-29400;75000;0
81660;-29500;74900;0
81740;-29500;74800;0
81830;-29600;74700;0
81910;-29600;74600;0
82000;-29700;74600;0
82080;-29700;74500;0
82170;-29800;74400;0
82250;-29800;74400;0
82330;-29900;74300;0
82420;-29900;74200;0
82500;-30000;74100;0
82590;-30000;74100;0
82670;-30000;74000;0
82760;-30100;73900;0
82840;-30100;73900;0
83010;-30200;73800;0
83100;-30300;73600;0
83190;-30300;73600;0
83270;-30400;73500;0
83440;-30400;73400;0
83530;-30500;73300;0
83700;-30500;73200;0
83780;-30600;73100;0
83960;-30700;73000;0
84130;-30800;72800;0
84210;-30900;72700;0
84300;-30900;72600;0
84470;-31000;72500;0
84650;-31000;72400;0
84730;-31100;72300;0
84910;-31200;72200;0
84990;-31300;72000;0
85170;-31300;72000;0
85250;-31400;71800;0
85430;-31400;71700;0
85510;-31500;71600;0
85690;-31600;71500;0
85770;-31700;71400;0
85950;-31700;71300;0
86030;-31800;71100;0
86210;-31800;71100;0
86300;-31900;70900;0
86470;-32000;70800;0
86560;-32100;70700;0
86730;-32100;70600;0
86820;-32200;70500;0
86910;-32200;70400;0
86990;-32300;70300;0
87170;-32300;70200;0
87260;-32400;70100;0
87340;-32500;70000;0
87430;-32500;69900;0
87520;-32600;69900;0
87600;-32600;69800;0
87690;-32600;69700;0
87870;-32700;69600;0
87950;-32800;69500;0
88130;-32800;69400;0
88220;-32900;69300;0
88300;-33000;69200;0
88390;-33000;69100;0
88480;-33000;69000;0
88570;-33100;69000;0
88650;-33100;68900;0
88830;-33200;68800;0
88920;-33300;68700;0
89090;-33300;68600;0
89180;-33400;68400;0
89270;-33500;68400;0
89360;-33500;68300;0
89440;-33500;68200;0
89530;-33600;68100;0
89620;-33600;68100;0
89710;-33700;68000;0
89790;-33700;67900;0
89880;-33800;67800;0
89970;-33800;67800;0
90060;-33900;67700;0
90150;-33900;67600;0
90230;-34000;67500;0
90320;-34000;67500;0
90410;-34000;67400;0
90500;-34100;67300;0
90590;-34100;67200;0
90670;-34200;67200;0
90760;-34200;67100;0
90850;-34300;67000;0
90940;-34300;66900;0
91030;-34400;66900;0
91110;-34400;66800;0
91200;-34500;66700;0
91380;-34500;66600;0
91470;-34600;66500;0
91550;-34700;66400;0
91640;-34700;66300;0
91730;-34700;66300;0
91820;-34800;66200;0
91910;-34800;66100;0
91990;-34900;66000;0
92080;-34900;66000;0
92170;-35000;65900;0
92260;-35000;65800;0
92350;-35100;65700;0
92430;-35100;65700;0
92520;-35200;65600;0
92610;-35200;65500;0
92700;-35300;65400;0
92790;-35300;65400;0
92870;-35300;65300;0
92960;-35400;65200;0
93050;-35400;65100;0
93140;-35500;65100;0
93230;-35500;65000;0
93320;-35600;64900;0
93400;-35600;64800;0
93490;-35700;64800;0
93580;-35700;64700;0
93670;-35800;64600;0
93760;-35800;64500;0
93840;-35900;64500;0
93930;-35900;64400;0
94020;-36000;64300;0
94110;-36000;64200;0
94200;-36100;64200;0
94290;-36100;64100;0
94370;-36100;64000;0
94460;-36200;63900;0
94550;-36200;63900;0
94640;-36300;63800;0
94730;-36300;63700;0
94820;-36400;63700;0
94900;-36400;63600;0
94990;-36500;63500;0
95080;-36500;63400;0
95170;-36600;63400;0
95260;-36600;63300;0
95350;-36700;63200;0
95430;-36700;63100;0
95520;-36800;63100;0
95610;-36800;63000;0
95700;-36900;62900;0
95790;-36900;62800;0
95880;-36900;62800;0
95960;-37000;62700;0
96140;-37000;62600;0
96230;-37100;62500;0
96320;-37200;62400;0
96410;-37200;62300;0
96490;-37300;62200;0
96580;-37300;62200;0
96670;-37400;62100;0
96760;-37400;62000;0
96850;-37500;61900;0
97030;-37500;61900;0
97110;-37600;61700;0
97290;-37700;61600;0
97380;-37700;61500;0
97470;-37800;61400;0
97560;-37800;61300;0
97730;-37900;61300;0
97820;-38000;61100;0
97910;-38000;61000;0
98000;-38100;61000;0
98090;-38100;60900;0
98180;-38200;60800;0
98270;-38200;60700;0
98350;-38300;60700;0
98440;-38300;60600;0
98530;-38400;60500;0
98620;-38400;60400;0
98710;-38500;60400;0
98800;-38500;60300;0
98890;-38500;60200;0
98970;-38600;60100;0
99150;-38600;60100;0
99240;-38700;59900;0
99330;-38800;59800;0
99420;-38800;59800;0
99510;-38900;59700;0
99590;-38900;59600;0
99680;-39000;59500;0
99770;-39000;59500;0
99860;-39100;59400;0
99950;-39100;59300;0
100040;-39200;59200;0
100220;-39200;59200;0
100300;-39300;59000;0
100480;-39300;58900;0
100570;-39400;58800;0
100660;-39500;58700;0
100750;-39500;58600;0
100840;-39600;58600;0
100920;-39600;58500;0
101100;-39700;58400;0
101190;-39800;58300;0
101370;-39800;58200;0
101460;-39900;58000;0
101630;-40000;57900;0
101720;-40100;57800;0
101900;-40100;57700;0
101990;-40200;57600;0
102170;-40200;57500;0
102250;-40300;57300;0
102340;-40400;57300;0
102430;-40400;57200;0
102610;-40500;57100;0
102700;-40600;57000;0
102780;-40600;56900;0
102870;-40700;56800;0
103050;-40700;56800;0
103130;-40800;56600;0
103310;-40800;56500;0
103400;-40900;56400;0
103490;-41000;56300;0
103570;-41000;56200;0
103750;-41100;56200;0
103830;-41200;56000;0
103920;-41200;55900;0
104010;-41300;55900;0
104180;-41300;55800;0
104270;-41400;55600;0
104440;-41400;55600;0
104520;-41500;55400;0
104690;-41600;55400;0
104770;-41700;55200;0
104940;-41700;55100;0
105020;-41800;55000;0
105190;-41800;54900;0
105270;-41900;54800;0
105350;-42000;54700;0
105430;-42000;54600;0
105600;-42100;54600;0
105680;-42100;54400;0
105760;-42200;54400;0
105840;-42200;54300;0
105910;-42300;54200;0
105990;-42300;54200;0
106070;-42400;54100;0
106230;-42400;54000;0
106310;-42500;53900;0
106460;-42500;53800;0
106540;-42600;53700;0
106690;-42600;53600;0
106770;-42700;53500;0
106920;-42800;53400;0
106990;-42800;53300;0
107140;-42900;53200;0
107220;-43000;53100;0
107290;-43000;53100;0
107370;-43000;53000;0
107440;-43100;52900;0
107520;-43100;52900;0
107590;-43100;52800;0
107670;-43200;52700;0
107740;-43200;52700;0
107820;-43300;52600;0
107890;-43300;52500;0
107970;-43300;52500;0
108040;-43400;52400;0
108110;-43400;52400;0
108260;-43500;52300;0
108340;-43500;52200;0
108410;-43600;52100;0
108490;-43600;52000;0
108640;-43600;52000;0
108710;-43700;51800;0
108790;-43800;51800;0
108860;-43800;51700;0
109010;-43800;51600;0
109080;-43900;51500;0
109160;-43900;51400;0
109230;-44000;51400;0
109310;-44000;51300;0
109380;-44000;51300;0
109530;-44100;51200;0
109610;-44200;51100;0
109760;-44200;51000;0
109830;-44300;50900;0
109910;-44300;50800;0
109980;-44300;50700;0
110060;-44400;50700;0
110130;-44400;50600;0
110210;-44400;50500;0
110360;-44500;50500;0
110440;-44500;50300;0
110510;-44600;50300;0
110590;-44600;50200;0
110740;-44600;50100;0
110810;-44700;50000;0
110960;-44800;49900;0
111040;-44800;49800;0
111190;-44900;49700;0
111270;-44900;49600;0
111420;-45000;49500;0
111490;-45000;49400;0
111650;-45100;49300;0
111720;-45100;49200;0
111870;-45200;49100;0
111950;-45200;49000;0
112030;-45300;48900;0
112100;-45300;48800;0
112260;-45300;48800;0
112330;-45400;48600;0
112490;-45400;48600;0
112560;-45500;48400;0
112640;-45500;48400;0
112720;-45600;48300;0
112870;-45600;48200;0
112950;-45700;48100;0
113020;-45700;48000;0
113100;-45700;48000;0
113250;-45800;47900;0
113330;-45800;47700;0
113410;-45900;47700;0
113480;-45900;47600;0
113560;-45900;47500;0
113640;-46000;47500;0
113720;-46000;47400;0
113790;-46000;47300;0
113870;-46100;47300;0
113950;-46100;47200;0
114020;-46100;47100;0
114100;-46100;47000;0
114180;-46200;47000;0
114260;-46200;46900;0
114330;-46200;46800;0
114410;-46300;46800;0
114490;-46300;46700;0
114570;-46300;46600;0
114640;-46400;46500;0
114720;-46400;46500;0
114880;-46400;46400;0
114950;-46500;46300;0
115030;-46500;46200;0
115110;-46500;46100;0
115190;-46600;46000;0
115270;-46600;46000;0
115340;-46600;45900;0
115420;-46700;45800;0
115500;-46700;45800;0
115580;-46700;45700;0
115660;-46800;45600;0
115730;-46800;45500;0
115810;-46800;45500;0
115890;-46800;45400;0
116050;-46900;45300;0
116120;-46900;45200;0
116200;-47000;45100;0
116280;-47000;45000;0
116360;-47000;45000;0
116440;-47000;44900;0
116520;-47100;44800;0
116600;-47100;44700;0
116670;-47100;44700;0
116830;-47200;44600;0
116910;-47200;44400;0
117070;-47200;44400;0
117150;-47300;44200;0
117300;-47300;44100;0
117460;-47400;44000;0
117540;-47400;43900;0
117620;-47500;43800;0
117700;-47500;43700;0
117860;-47500;43600;0
117940;-47600;43500;0
118020;-47600;43400;0
118090;-47600;43300;0
118170;-47600;43300;0
118250;-47700;43200;0
118330;-47700;43100;0
118410;-47700;43000;0
118490;-47700;43000;0
118570;-47800;42900;0
118650;-47800;42800;0
118730;-47800;42700;0
118810;-47800;42700;0
118890;-47900;42600;0
118970;-47900;42500;0
119050;-47900;42400;0
119130;-47900;42400;0
119210;-48000;42300;0
119290;-48000;42200;0
119450;-48000;42100;0
119530;-48100;42000;0
119610;-48100;41900;0
119690;-48100;41800;0
119850;-48100;41700;0
120010;-48200;41600;0
120090;-48200;41400;0
120250;-48300;41400;0
120330;-48300;41200;0
120410;-48300;41100;0
120490;-48400;41100;0
120570;-48400;41000;0
120650;-48400;40900;0
120810;-48400;40800;0
120890;-48500;40700;0
121050;-48500;40600;0
121130;-48600;40400;0
121210;-48600;40400;0
121300;-48600;40300;0
121380;-48600;40200;0
121460;-48600;40100;0
121620;-48700;40100;0
121700;-48700;39900;0
121860;-48700;39800;0
121940;-48800;39700;0
122100;-48800;39600;0
122270;-48800;39400;0
122350;-48900;39300;0
122430;-48900;39200;0
122510;-48900;39100;0
122670;-48900;39000;0
122750;-49000;38900;0
122830;-49000;38800;0
122920;-49000;38700;0
123000;-49100;38700;0
123080;-49100;38600;0
123240;-49100;38500;0
123320;-49100;38300;0
123490;-49200;38300;0
123570;-49200;38100;0
123650;-49200;38000;0
123730;-49200;37900;0
123810;-49300;37900;0
123890;-49300;37800;0
123980;-49300;37700;0
124140;-49300;37600;0
124220;-49300;37500;0
124300;-49400;37400;0
124390;-49400;37300;0
124550;-49400;37200;0
124630;-49400;37100;0
124710;-49500;37000;0
124800;-49500;36900;0
124880;-49500;36800;0
124960;-49500;36700;0
125120;-49500;36700;0
125210;-49600;36500;0
125290;-49600;36400;0
125370;-49600;36300;0
125450;-49600;36300;0
125540;-49600;36200;0
125620;-49700;36100;0
125700;-49700;36000;0
125870;-49700;35900;0
125950;-49700;35800;0
126110;-49700;35700;0
126200;-49800;35500;0
126360;-49800;35500;0
126440;-49800;35300;0
126520;-49800;35200;0
126610;-49900;35100;0
126770;-49900;35100;0
126850;-49900;34900;0
127020;-49900;34800;0
127100;-50000;34700;0
127180;-50000;34600;0
127260;-50000;34500;0
127350;-50000;34400;0
127430;-50000;34300;0
127510;-50000;34300;0
127670;-50100;34200;0
127750;-50100;34000;0
127920;-50100;33900;0
128000;-50100;33800;0
128160;-50100;33700;0
128240;-50200;33500;0
128400;-50200;33500;0
128480;-50200;33300;0
128640;-50200;33200;0
128730;-50300;33100;0
128890;-50300;33000;0
129050;-50300;32800;0
129130;-50300;32700;0
129290;-50300;32600;0
129370;-50300;32400;0
129530;-50400;32300;0
129610;-50400;32200;0
129770;-50400;32100;0
129850;-50400;31900;0
130010;-50400;31900;0
130090;-50400;31700;0
130250;-50400;31600;0
130330;-50500;31500;0
130490;-50500;31400;0
130570;-50500;31200;0
130720;-50500;31200;0
130800;-50500;31000;0
130960;-50500;30900;0
131040;-50500;30800;0
131200;-50500;30700;0
131280;-50500;30500;0
131440;-50600;30400;0
131520;-50600;30300;0
131680;-50600;30200;0
131750;-50600;30100;0
131830;-50600;30000;0
131910;-50600;29900;0
132070;-50600;29800;0
132150;-50600;29700;0
132300;-50600;29600;0
132380;-50600;29400;0
132460;-50600;29300;0
132540;-50600;29300;0
132620;-50600;29200;0
132700;-50600;29100;0
132770;-50600;29000;0
132850;-50600;29000;0
132930;-50600;28900;0
133010;-50600;28800;0
133090;-50600;28700;0
133160;-50600;28600;0
133320;-50600;28600;0
133400;-50600;28400;0
133550;-50600;28300;0
133630;-50600;28200;0
133790;-50600;28100;0
133860;-50600;27900;0
134020;-50600;27900;0
134100;-50600;27700;0
134250;-50600;27600;0
134330;-50600;27500;0
134410;-50600;27400;0
134480;-50600;27300;0
134560;-50600;27300;0
134640;-50600;27200;0
134720;-50600;27100;0
134790;-50600;27000;0
134950;-50600;26900;0
135020;-50600;26800;0
135100;-50600;26700;0
135180;-50600;26600;0
135260;-50600;26600;0
135330;-50600;26500;0
135410;-50600;26400;0
135490;-50600;26300;0
135560;-50600;26300;0
135640;-50600;26200;0
135720;-50600;26100;0
135790;-50600;26000;0
135870;-50600;25900;0
135950;-50600;25900;0
136100;-50600;25800;0
136180;-50600;25600;0
136260;-50600;25600;0
136330;-50600;25500;0
136410;-50600;25400;0
136490;-50500;25300;0
136560;-50500;25300;0
136640;-50500;25200;0
136720;-50500;25100;0
136800;-50500;25000;0
136870;-50500;25000;0
136950;-50500;24900;0
137030;-50500;24800;0
137100;-50500;24700;0
137180;-50500;24600;0
137260;-50500;24600;0
137340;-50500;24500;0
137490;-50500;24400;0
137570;-50500;24300;0
137640;-50400;24200;0
137720;-50400;24100;0
137800;-50400;24000;0
137880;-50400;24000;0
138030;-50400;23900;0
138110;-50400;23700;0
138190;-50400;23700;0
138260;-50400;23600;0
138340;-50400;23500;0
138420;-50400;23400;0
138500;-50300;23300;0
138650;-50300;23300;0
138730;-50300;23100;0
138810;-50300;23000;0
138890;-50300;23000;0
139040;-50300;22900;0
139120;-50300;22700;0
139270;-50200;22700;0
139350;-50200;22500;0
139430;-50200;22400;0
139510;-50200;22300;0
139590;-50200;22300;0
139660;-50200;22200;0
139740;-50200;22100;0
139820;-50100;22000;0
139900;-50100;22000;0
140060;-50100;21900;0
140130;-50100;21700;0
140290;-50100;21700;0
140370;-50000;21500;0
140520;-50000;21400;0
140600;-50000;21300;0
140680;-50000;21200;0
140760;-50000;21100;0
140920;-49900;21000;0
140990;-49900;20900;0
141150;-49900;20800;0
141230;-49900;20700;0
141310;-49800;20600;0
141390;-49800;20500;0
141540;-49800;20400;0
141620;-49800;20300;0
141700;-49800;20200;0
141780;-49700;20100;0
141930;-49700;20100;0
142010;-49700;19900;0
142170;-49700;19800;0
142250;-49600;19700;0
142330;-49600;19600;0
142410;-49600;19500;0
142560;-49600;19500;0
142640;-49500;19300;0
142720;-49500;19200;0
142800;-49500;19100;0
142960;-49500;19100;0
143030;-49400;18900;0
143190;-49400;18800;0
143270;-49400;18700;0
143430;-49400;18600;0
143510;-49300;18500;0
143660;-49300;18400;0
143740;-49300;18200;0
143820;-49200;18200;0
143900;-49200;18100;0
143980;-49200;18000;0
144130;-49200;17900;0
144210;-49100;17800;0
144370;-49100;17700;0
144450;-49100;17600;0
144610;-49000;17500;0
144690;-49000;17300;0
144840;-49000;17300;0
144920;-48900;17100;0
145080;-48900;17000;0
145160;-48900;16900;0
145310;-48800;16800;0
145390;-48800;16700;0
145540;-48800;16600;0
145620;-48700;16400;0
145690;-48700;16400;0
145770;-48700;16300;0
145920;-48700;16200;0
146000;-48600;16100;0
146070;-48600;16000;0
146150;-48600;15900;0
146220;-48500;15900;0
146290;-48500;15800;0
146370;-48500;15700;0
146440;-48500;15700;0
146510;-48400;15600;0
146590;-48400;15500;0
146660;-48400;15500;0
146730;-48400;15400;0
146870;-48300;15300;0
146940;-48300;15200;0
147020;-48200;15100;0
147090;-48200;15100;0
147160;-48200;15000;0
147230;-48200;14900;0
147300;-48100;14900;0
147370;-48100;14800;0
147430;-48100;14700;0
147500;-48100;14700;0
147570;-48000;14600;0
147640;-48000;14600;0
147710;-48000;14500;0
147770;-48000;14400;0
147840;-47900;14400;0
147910;-47900;14300;0
147970;-47900;14200;0
148040;-47900;14200;0
148100;-47800;14100;0
148170;-47800;14100;0
148230;-47800;14000;0
148300;-47700;14000;0
148360;-47700;13900;0
148420;-47700;13800;0
148490;-47700;13800;0
148610;-47600;13700;0
148730;-47600;13600;0
148790;-47500;13500;0
148860;-47500;13500;0
148910;-47500;13400;0
148970;-47400;13400;0
149030;-47400;13300;0
149090;-47400;13300;0
149210;-47400;13200;0
149260;-47300;13100;0
149320;-47300;13100;0
149380;-47200;13000;0
149490;-47200;13000;0
149550;-47200;12900;0
149660;-47100;12800;0
149710;-47100;12700;0
149760;-47100;12700;0
149820;-47000;12600;0
149920;-47000;12600;0
149980;-46900;12500;0
150030;-46900;12400;0
150080;-46900;12400;0
150180;-46900;12400;0
150230;-46800;12300;0
150280;-46800;12200;0
150330;-46800;12200;0
150420;-46700;12100;0
150470;-46700;12100;0
150560;-46700;12000;0
150650;-46600;12000;0
150700;-46600;11900;0
150740;-46500;11800;0
150790;-46500;11800;0
150830;-46500;11800;0
150870;-46500;11700;0
150920;-46400;11700;0
150960;-46400;11700;0
151000;-46400;11600;0
151080;-46400;11600;0
151120;-46300;11500;0
151200;-46300;11500;0
151240;-46300;11400;0
151280;-46200;11400;0
151320;-46200;11400;0
151360;-46200;11300;0
151390;-46200;11300;0
151430;-46100;11300;0
151470;-46100;11300;0
151500;-46100;11200;0
151570;-46100;11200;0
151600;-46100;11100;0
151630;-46000;11100;0
151670;-46000;11100;0
151700;-46000;11100;0
151730;-46000;11000;0
151760;-46000;11000;0
151790;-45900;11000;0
151850;-45900;10900;0
151880;-45900;10900;0
151910;-45900;10900;0
151940;-45900;10800;0
152000;-45800;10800;0
152020;-45800;10800;0
152080;-45800;10700;0
152110;-45800;10700;0
152130;-45800;10700;0
152160;-45700;10700;0
152180;-45700;10600;0
152210;-45700;10600;0
152240;-45700;10600;0
152290;-45700;10600;0
152310;-45700;10500;0
152340;-45700;10500;0
152360;-45700;10500;0
152390;-45600;10500;0
152430;-45600;10400;0
152480;-45600;10400;0
152500;-45600;10300;0
152550;-45600;10300;0
152570;-45600;10300;0
152600;-45600;10300;0
152620;-45500;10200;0
152640;-45500;10200;0
152690;-45500;10200;0
152710;-45500;10100;0
152750;-45500;10100;0
152800;-45500;10100;0
152820;-45500;10000;0
152860;-45500;10000;0
152890;-45500;10000;0
152910;-45500;9900;0
152930;-45400;9900;0
152950;-45400;9900;0
152970;-45400;9900;0
153000;-45400;9900;0
153040;-45400;9800;0
153060;-45400;9800;0
153080;-45400;9800;0
153110;-45400;9700;0
153130;-45400;9700;0
153170;-45400;9700;0
153200;-45400;9600;0
153240;-45400;9600;0
153270;-45400;9600;0
153310;-45400;9600;0
153340;-45400;9500;0
153390;-45400;9500;0
153410;-45400;9400;0
153440;-45400;9400;0
153460;-45400;9400;0
153490;-45400;9400;0
153510;-45400;9300;0
153540;-45400;9300;0
153560;-45400;9300;0
153590;-45400;9300;0
153620;-45400;9300;0
153640;-45400;9200;0
153670;-45400;9200;0
153730;-45400;9200;0
153760;-45400;9100;0
153790;-45400;9100;0
153810;-45400;9100;0
153840;-45400;9100;0
153870;-45400;9000;0
153890;-45400;9000;0
153920;-45400;9000;0
153950;-45400;9000;0
153970;-45400;9000;0
154000;-45400;8900;0
154020;-45400;8900;0
154050;-45400;8900;0
154070;-45400;8900;0
154100;-45500;8800;0
154120;-45500;8800;0
154140;-45500;8800;0
154170;-45500;8800;0
154190;-45500;8800;0
154220;-45500;8700;0
154240;-45500;8700;0
154260;-45500;8700;0
154290;-45500;8700;0
154310;-45500;8600;0
154330;-45500;8600;0
154360;-45500;8600;0
154380;-45600;8600;0
154400;-45600;8600;0
154430;-45600;8500;0
154450;-45600;8500;0
154480;-45600;8500;0
154500;-45600;8500;0
154520;-45600;8500;0
154550;-45600;8400;0
154570;-45700;8400;0
154600;-45700;8400;0
154620;-45700;8400;0
154640;-45700;8400;0
154670;-45700;8300;0
154690;-45700;8300;0
154720;-45700;8300;0
154740;-45800;8300;0
154760;-45800;8300;0
154790;-45800;8300;0
154810;-45800;8200;0
154840;-45800;8200;0
154860;-45800;8200;0
154890;-45900;8200;0
154910;-45900;8200;0
154940;-45900;8100;0
154960;-45900;8100;0
154980;-45900;8100;0
155010;-45900;8100;0
155030;-46000;8100;0
155060;-46000;8100;0
155080;-46000;8000;0
155110;-46000;8000;0
155130;-46000;8000;0
155160;-46100;8000;0
155180;-46100;8000;0
155210;-46100;7900;0
155240;-46100;7900;0
155260;-46100;7900;0
155290;-46100;7900;0
155310;-46200;7900;0
155340;-46200;7900;0
155360;-46200;7800;0
155390;-46200;7800;0
155410;-46200;7800;0
155440;-46200;7800;0
155470;-46300;7800;0
155490;-46300;7700;0
155520;-46300;7700;0
155540;-46300;7700;0
155570;-46300;7700;0
155590;-46400;7700;0
155620;-46400;7600;0
155650;-46400;7600;0
155700;-46400;7600;0
155730;-46400;7600;0
155760;-46400;7500;0
155790;-46500;7500;0
155820;-46500;7500;0
155840;-46500;7500;0
155870;-46500;7400;0
155900;-46500;7400;0
155930;-46500;7400;0
155950;-46500;7400;0
155980;-46600;7400;0
156010;-46600;7300;0
156030;-46600;7300;0
156060;-46600;7300;0
156090;-46600;7300;0
156110;-46600;7200;0
156140;-46600;7200;0
156170;-46600;7200;0
156190;-46600;7200;0
156220;-46700;7100;0
156250;-46700;7100;0
156280;-46700;7100;0
156300;-46700;7100;0
156330;-46700;7000;0
156360;-46700;7000;0
156390;-46700;7000;0
156420;-46700;7000;0
156440;-46700;6900;0
156500;-46700;6900;0
156530;-46700;6800;0
156560;-46800;6800;0
156590;-46800;6800;0
156620;-46800;6800;0
156650;-46800;6700;0
156680;-46800;6700;0
156710;-46800;6700;0
156740;-46800;6700;0
156770;-46800;6600;0
156800;-46800;6600;0
156830;-46800;6600;0
156860;-46800;6500;0
156890;-46800;6500;0
156910;-46800;6500;0
156940;-46800;6500;0
156970;-46800;6400;0
157000;-46800;6400;0
157020;-46800;6400;0
157050;-46800;6400;0
157080;-46800;6300;0
157100;-46800;6300;0
157130;-46800;6300;0
157160;-46800;6200;0
157180;-46800;6200;0
157210;-46800;6200;0
157240;-46800;6100;0
157260;-46800;6100;0
157290;-46800;6100;0
157320;-46800;6100;0
157340;-46800;6000;0
157370;-46800;6000;0
157400;-46800;6000;0
157420;-46800;5900;0
157450;-46800;5900;0
157480;-46800;5900;0
157500;-46700;5900;0
157530;-46700;5800;0
157560;-46700;5800;0
157580;-46700;5800;0
157610;-46700;5700;0
157640;-46700;5700;0
157670;-46700;5700;0
157690;-46700;5700;0
157720;-46700;5600;0
157750;-46700;5600;0
157780;-46700;5600;0
157810;-46600;5500;0
157840;-46600;5500;0
157870;-46600;5500;0
157900;-46600;5500;0
157940;-46600;5400;0
157970;-46600;5400;0
158000;-46600;5400;0
158030;-46600;5300;0
158070;-46500;5300;0
158100;-46500;5300;0
158130;-46500;5200;0
158160;-46500;5200;0
158200;-46500;5200;0
158230;-46500;5200;0
158260;-46500;5100;0
158300;-46400;5100;0
158330;-46400;5100;0
158360;-46400;5000;0
158430;-46400;5000;0
158500;-46400;5000;0
158530;-46300;4900;0
158570;-46300;4900;0
158600;-46300;4800;0
158640;-46300;4800;0
158670;-46300;4800;0
158740;-46300;4800;0
158770;-46200;4700;0
158840;-46200;4700;0
158880;-46200;4600;0
158910;-46200;4600;0
158950;-46200;4500;0
158980;-46100;4500;0
159020;-46100;4500;0
159050;-46100;4400;0
159090;-46100;4400;0
159120;-46100;4400;0
159160;-46100;4400;0
159200;-46100;4300;0
159230;-46000;4300;0
159270;-46000;4300;0
159310;-46000;4200;0
159340;-46000;4200;0
159380;-46000;4200;0
159420;-46000;4100;0
159460;-46000;4100;0
159490;-46000;4100;0
159530;-46000;4000;0
159570;-45900;4000;0
159600;-45900;4000;0
159640;-45900;3900;0
159680;-45900;3900;0
159720;-45900;3800;0
159750;-45900;3800;0
159790;-45900;3800;0
159830;-45900;3700;0
159870;-45900;3700;0
159900;-45900;3700;0
159940;-45900;3600;0
159980;-45800;3600;0
160020;-45800;3600;0
160060;-45800;3500;0
160090;-45800;3500;0
160130;-45800;3500;0
160170;-45800;3400;0
160210;-45800;3400;0
160250;-45800;3300;0
160290;-45800;3300;0
160330;-45800;3300;0
160360;-45800;3200;0
160400;-45800;3200;0
160440;-45800;3200;0
160480;-45800;3100;0
160520;-45800;3100;0
160560;-45800;3100;0
160600;-45800;3000;0
160640;-45800;3000;0
160680;-45800;2900;0
160720;-45800;2900;0
160760;-45800;2900;0
160800;-45800;2800;0
160880;-45800;2800;0
160920;-45800;2700;0
160960;-45800;2700;0
161000;-45800;2600;0
161040;-45800;2600;0
161080;-45800;2600;0
161120;-45800;2500;0
161160;-45800;2500;0
161200;-45800;2400;0
161240;-45800;2400;0
161320;-45800;2400;0
161400;-45800;2300;0
161440;-45800;2200;0
161520;-45800;2200;0
161560;-45800;2100;0
161640;-45900;2000;0
161680;-45900;2000;0
161770;-45900;1900;0
161810;-45900;1800;0
161890;-45900;1800;0
161940;-45900;1700;0
162020;-45900;1700;0
162060;-45900;1600;0
162150;-45900;1600;0
162190;-46000;1500;0
162280;-46000;1400;0
162320;-46000;1400;0
162410;-46000;1300;0
162450;-46000;1200;0
162540;-46000;1200;0
162580;-46000;1100;0
162670;-46000;1100;0
162720;-46100;1000;0
162760;-46100;900;0
162810;-46100;900;0
162900;-46100;800;0
162940;-46100;700;0
163040;-46100;700;0
163130;-46200;600;0
163180;-46200;500;0
163270;-46200;500;0
163320;-46200;400;0
163360;-46200;300;0
163410;-46200;300;0
163500;-46300;300;0
163550;-46300;200;0
163600;-46300;100;0
163650;-46300;100;0
163740;-46300;0;0
163790;-46300;-100;0
163840;-46400;-100;0
163890;-46400;-200;0
163990;-46400;-200;0
164040;-46400;-300;0
164090;-46400;-400;0
164130;-46400;-400;0
164230;-46400;-400;0
164280;-46500;-500;0
164330;-46500;-600;0
164380;-46500;-600;0
164480;-46500;-700;0
164530;-46500;-800;0
164580;-46600;-800;0
164640;-46600;-900;0
164740;-46600;-900;0
164790;-46600;-1000;0
164890;-46600;-1100;0
164940;-46700;-1200;0
165050;-46700;-1200;0
165100;-46700;-1300;0
165200;-46700;-1400;0
165250;-46700;-1500;0
165360;-46800;-1500;0
165410;-46800;-1600;0
165520;-46800;-1700;0
165570;-46800;-1800;0
165620;-46900;-1800;0
165680;-46900;-1900;0
165780;-46900;-1900;0
165840;-46900;-2000;0
165950;-46900;-2100;0
166050;-47000;-2200;0
166110;-47000;-2300;0
166160;-47000;-2300;0
166220;-47000;-2400;0
166270;-47000;-2400;0
166330;-47100;-2500;0
166380;-47100;-2500;0
166490;-47100;-2600;0
166540;-47100;-2700;0
166600;-47100;-2800;0
166650;-47200;-2800;0
166760;-47200;-2900;0
166820;-47200;-3000;0
166870;-47200;-3000;0
166930;-47200;-3100;0
166980;-47300;-3100;0
167040;-47300;-3200;0
167090;-47300;-3200;0
167200;-47300;-3300;0
167250;-47300;-3400;0
167360;-47400;-3400;0
167420;-47400;-3500;0
167470;-47400;-3600;0
167530;-47400;-3600;0
167580;-47400;-3700;0
167640;-47500;-3700;0
167750;-47500;-3800;0
167800;-47500;-3900;0
167910;-47500;-3900;0
167960;-47600;-4100;0
168070;-47600;-4100;0
168130;-47600;-4200;0
168180;-47600;-4300;0
168240;-47700;-4300;0
168350;-47700;-4400;0
168400;-47700;-4500;0
168460;-47700;-4500;0
168510;-47800;-4600;0
168620;-47800;-4600;0
168680;-47800;-4700;0
168730;-47800;-4800;0
168790;-47900;-4800;0
168900;-47900;-4900;0
168950;-47900;-5000;0
169010;-47900;-5000;0
169060;-48000;-5100;0
169120;-48000;-5100;0
169170;-48000;-5200;0
169230;-48000;-5200;0
169280;-48000;-5300;0
169390;-48100;-5300;0
169450;-48100;-5400;0
169500;-48100;-5500;0
169560;-48200;-5500;0
169610;-48200;-5600;0
169670;-48200;-5600;0
169720;-48200;-5700;0
169780;-48200;-5700;0
169830;-48300;-5800;0
169890;-48300;-5800;0
169940;-48300;-5900;0
170050;-48300;-5900;0
170110;-48400;-6000;0
170160;-48400;-6000;0
170220;-48400;-6100;0
170270;-48500;-6100;0
170380;-48500;-6200;0
170440;-48600;-6300;0
170540;-48600;-6300;0
170600;-48600;-6400;0
170710;-48700;-6500;0
170760;-48700;-6600;0
170820;-48700;-6600;0
170870;-48800;-6700;0
170930;-48800;-6700;0
171040;-48800;-6800;0
171090;-48900;-6800;0
171200;-48900;-6900;0
171260;-49000;-7000;0
171360;-49000;-7000;0
171420;-49100;-7100;0
171530;-49100;-7200;0
171580;-49100;-7300;0
171690;-49200;-7300;0
171750;-49200;-7400;0
171860;-49300;-7400;0
171910;-49300;-7500;0
171970;-49400;-7600;0
172020;-49400;-7600;0
172130;-49400;-7700;0
172190;-49500;-7800;0
172300;-49500;-7800;0
172350;-49600;-7900;0
172460;-49600;-7900;0
172570;-49700;-8000;0
172630;-49700;-8100;0
172740;-49800;-8200;0
172790;-49800;-8300;0
172850;-49900;-8300;0
172910;-49900;-8400;0
173020;-49900;-8400;0
173070;-50000;-8500;0
173130;-50000;-8500;0
173180;-50000;-8600;0
173300;-50100;-8600;0
173350;-50100;-8700;0
173410;-50200;-8800;0
173460;-50200;-8800;0
173520;-50200;-8900;0
173580;-50200;-8900;0
173630;-50300;-9000;0
173690;-50300;-9000;0
173800;-50300;-9100;0
173860;-50400;-9200;0
173910;-50400;-9200;0
173970;-50400;-9300;0
174030;-50500;-9300;0
174080;-50500;-9400;0
174200;-50500;-9400;0
174250;-50600;-9500;0
174310;-50600;-9500;0
174360;-50600;-9600;0
174480;-50700;-9600;0
174530;-50700;-9700;0
174650;-50800;-9800;0
174760;-50800;-9900;0
174820;-50900;-10000;0
174930;-50900;-10100;0
174990;-50900;-10200;0
175100;-51000;-10200;0
175160;-51000;-10300;0
175220;-51000;-10400;0
175280;-51100;-10400;0
175390;-51100;-10500;0
175450;-51100;-10600;0
175510;-51200;-10600;0
175560;-51200;-10700;0
175680;-51200;-10700;0
175740;-51200;-10800;0
175800;-51300;-10900;0
175850;-51300;-10900;0
175970;-51300;-11000;0
176030;-51400;-11100;0
176090;-51400;-11200;0
176140;-51400;-11200;0
176260;-51400;-11300;0
176380;-51500;-11400;0
176440;-51500;-11500;0
176490;-51500;-11500;0
176550;-51500;-11600;0
176610;-51500;-11600;0
176670;-51600;-11700;0
176790;-51600;-11800;0
176850;-51600;-11900;0
176960;-51600;-11900;0
177020;-51700;-12000;0
177080;-51700;-12100;0
177140;-51700;-12100;0
177200;-51700;-12200;0
177260;-51700;-12300;0
177380;-51800;-12300;0
177440;-51800;-12400;0
177560;-51800;-12500;0
177610;-51800;-12600;0
177730;-51900;-12600;0
177790;-51900;-12800;0
177910;-51900;-12800;0
177970;-51900;-12900;0
178090;-52000;-13000;0
178150;-52000;-13100;0
178270;-52000;-13200;0
178330;-52000;-13300;0
178450;-52100;-13300;0
178510;-52100;-13400;0
178630;-52100;-13500;0
178690;-52100;-13600;0
178740;-52100;-13700;0
178800;-52200;-13700;0
178920;-52200;-13800;0
178980;-52200;-13900;0
179040;-52200;-14000;0
179100;-52200;-14000;0
179220;-52200;-14100;0
179280;-52300;-14200;0
179340;-52300;-14300;0
179400;-52300;-14300;0
179520;-52300;-14400;0
179580;-52300;-14500;0
179640;-52400;-14500;0
179700;-52400;-14600;0
179830;-52400;-14700;0
179950;-52400;-14800;0
180010;-52400;-14900;0
180070;-52500;-15000;0
180130;-52500;-15000;0
180250;-52500;-15100;0
180310;-52500;-15200;0
180370;-52500;-15200;0
180430;-52500;-15300;0
180490;-52500;-15400;0
180550;-52600;-15400;0
180610;-52600;-15500;1
180730;-52600;-15500;1
180790;-52600;-15700;1
180910;-52600;-15700;1
180970;-52700;-15800;1
181030;-52700;-15900;1
181090;-52700;-15900;1
181150;-52700;-16000;1
181210;-52700;-16100;1
181270;-52700;-16100;1
181320;-52700;-16200;1
181380;-52700;-16200;1
181500;-52800;-16300;1
181560;-52800;-16400;1
181670;-52800;-16500;1
181730;-52800;-16600;1
181790;-52800;-16600;1
181850;-52800;-16700;1
181960;-52900;-16700;1
182020;-52900;-16900;1
182130;-52900;-16900;1
182190;-52900;-17000;1
182250;-52900;-17100;1
182310;-52900;-17100;1
182420;-53000;-17200;1
182480;-53000;-17300;1
182590;-53000;-17400;1
182650;-53000;-17500;1
182710;-53000;-17500;1
182760;-53000;-17600;1
182820;-53000;-17600;1
182880;-53100;-17700;1
182930;-53100;-17700;1
182990;-53100;-17800;1
183110;-53100;-17900;1
183220;-53100;-18000;1
183280;-53100;-18100;1
183390;-53200;-18100;1
183450;-53200;-18200;1
183560;-53200;-18300;1
183620;-53200;-18400;1
183670;-53200;-18500;1
183790;-53200;-18500;1
183900;-53300;-18600;1
183950;-53300;-18700;1
184010;-53300;-18800;1
184070;-53300;-18800;1
184120;-53300;-18900;1
184240;-53300;-19000;1
184290;-53400;-19100;1
184400;-53400;-19100;1
184520;-53400;-19200;1
184570;-53400;-19300;1
184680;-53400;-19400;1
184740;-53500;-19500;1
184850;-53500;-19600;1
184960;-53500;-19700;1
185020;-53500;-19800;1
185130;-53500;-19800;1
185180;-53600;-19900;1
185240;-53600;-20000;1
185300;-53600;-20000;1
185350;-53600;-20100;1
185460;-53600;-20100;1
185520;-53600;-20300;1
185630;-53700;-20300;1
185680;-53700;-20400;1
185790;-53700;-20500;1
185850;-53700;-20600;1
185900;-53800;-20600;1
185960;-53800;-20700;1
186010;-53800;-20700;1
186120;-53800;-20800;1
186180;-53800;-20900;1
186290;-53900;-20900;1
186340;-53900;-21000;1
186400;-53900;-21100;1
186450;-53900;-21100;1
186510;-53900;-21200;1
186560;-54000;-21200;1
186620;-54000;-21300;1
186670;-54000;-21300;1
186730;-54000;-21400;1
186830;-54000;-21400;1
186890;-54100;-21600;1
186940;-54100;-21600;1
187000;-54100;-21700;1
187050;-54100;-21700;1
187110;-54200;-21800;1
187160;-54200;-21800;1
187220;-54200;-21900;1
187270;-54200;-21900;1
187330;-54200;-22000;1
187380;-54300;-22000;1
187490;-54300;-22000;1
187540;-54300;-22100;1
187600;-54400;-22200;1
187650;-54400;-22200;1
187710;-54400;-22300;1
187760;-54400;-22300;1
187820;-54400;-22400;1
187870;-54500;-22400;1
187930;-54500;-22500;1
187980;-54500;-22500;1
188090;-54500;-22600;1
188140;-54600;-22700;1
188250;-54600;-22700;1
188310;-54700;-22800;1
188360;-54700;-22900;1
188420;-54700;-22900;1
188530;-54700;-23000;1
188630;-54800;-23100;1
188690;-54800;-23200;1
188800;-54900;-23200;1
188850;-54900;-23300;1
188960;-54900;-23400;1
189010;-55000;-23500;1
189060;-55000;-23500;1
189120;-55000;-23600;1
189220;-55100;-23600;1
189320;-55100;-23700;1
189370;-55200;-23800;1
189470;-55200;-23800;1
189520;-55200;-23900;1
189620;-55300;-24000;1
189660;-55300;-24000;1
189710;-55300;-24100;1
189760;-55400;-24100;1
189800;-55400;-24200;1
189850;-55400;-24200;1
189890;-55400;-24200;1
189980;-55400;-24300;1
190020;-55500;-24300;1
190100;-55500;-24400;1
190140;-55500;-24500;1
190220;-55600;-24500;1
190260;-55600;-24600;1
190300;-55600;-24600;1
190340;-55600;-24600;1
190420;-55700;-24700;1
190460;-55700;-24700;1
190550;-55700;-24800;1
190590;-55700;-24800;1
190620;-55800;-24900;1
190660;-55800;-24900;1
190730;-55800;-24900;1
190770;-55800;-25000;1
190800;-55800;-25000;1
190870;-55900;-25000;1
190900;-55900;-25100;1
190960;-55900;-25100;1
190980;-55900;-25200;1
191040;-55900;-25200;1
191060;-56000;-25300;1
191110;-56000;-25300;1
191140;-56000;-25300;1
191180;-56000;-25400;1
191200;-56000;-25400;1
191220;-56100;-25400;1
191250;-56100;-25400;1
191270;-56100;-25500;1
191280;-56100;-25500;1
191300;-56100;-25500;1
191320;-56100;-25500;1
191360;-56100;-25500;1
191390;-56100;-25600;1
191410;-56200;-25600;1
191420;-56200;-25600;1
191450;-56200;-25700;1
191460;-56200;-25700;1
191480;-56200;-25700;1
191500;-56200;-25700;1
191510;-56200;-25800;1
191520;-56200;-25800;1
191540;-56300;-25800;1
191550;-56300;-25800;1
191570;-56300;-25800;1
191580;-56300;-25900;1
191580;-56300;-25900;1
191590;-56300;-25900;1
191610;-56300;-25900;1
191610;-56300;-25900;1
191630;-56300;-25900;1
191640;-56300;-26000;1
191640;-56300;-26000;1
191650;-56300;-26000;1
191660;-56300;-26000;1
191670;-56300;-26000;1
191680;-56300;-26000;1
191690;-56300;-26000;1
191700;-56300;-26100;1
191700;-56300;-26100;1
191710;-56300;-26100;1
191720;-56300;-26100;1
191720;-56300;-26100;1
191730;-56400;-26100;1
191740;-56400;-26100;1
191740;-56400;-26100;1
191750;-56400;-26200;1
191750;-56400;-26200;1
191760;-56400;-26200;1
191770;-56400;-26200;1
191770;-56400;-26200;1
191780;-56400;-26200;1
191780;-56400;-26200;1
191790;-56400;-26200;1
191800;-56400;-26300;1
191810;-56400;-26300;1
191810;-56400;-26300;1
191820;-56300;-26300;1
191820;-56300;-26300;1
191830;-56300;-26300;1
191830;-56300;-26300;1
191840;-56300;-26300;1
191850;-56300;-26300;1
191850;-56300;-26400;1
191860;-56300;-26400;1
191870;-56300;-26400;1
191880;-56300;-26400;1
191880;-56300;-26400;1
191890;-56300;-26400;1
191900;-56300;-26400;1
191910;-56300;-26400;1
191920;-56300;-26500;1
191930;-56300;-26500;1
191930;-56300;-26500;1
191940;-56300;-26500;1
191950;-56300;-26500;1
191960;-56300;-26500;1
191960;-56300;-26500;1
191970;-56300;-26500;1
191980;-56300;-26600;1
191990;-56300;-26600;1
191990;-56300;-26600;1
192000;-56300;-26600;1
192010;-56300;-26600;1
192010;-56300;-26600;1
192030;-56300;-26600;1
192030;-56300;-26600;1
192040;-56300;-26600;1
192050;-56200;-26600;1
192050;-56200;-26700;1
192060;-56200;-26700;1
192070;-56200;-26700;1
192070;-56200;-26700;1
192080;-56200;-26700;1
192090;-56200;-26700;1
192100;-56200;-26700;1
192100;-56200;-26700;1
192110;-56200;-26700;1
192120;-56200;-26700;1
192120;-56200;-26800;1
192130;-56200;-26800;1
192140;-56200;-26800;1
192150;-56200;-26800;1
192150;-56200;-26800;1
192160;-56200;-26800;1
192170;-56100;-26800;1
192170;-56100;-26800;1
192180;-56100;-26800;1
192180;-56100;-26800;1
192190;-56100;-26800;1
192200;-56100;-26800;1
192200;-56100;-26800;1
192210;-56100;-26900;1
192220;-56100;-26900;1
192220;-56100;-26900;1
192230;-56100;-26900;1
192240;-56100;-26900;1
192240;-56100;-26900;1
192250;-56100;-26900;1
192260;-56100;-26900;1
192270;-56100;-26900;1
192270;-56000;-26900;1
192280;-56000;-26900;1
192290;-56000;-26900;1
192290;-56000;-26900;1
192300;-56000;-26900;1
192300;-56000;-26900;1
192310;-56000;-26900;1
192310;-56000;-27000;1
192320;-56000;-27000;1
192330;-56000;-27000;1
192330;-56000;-27000;1
192340;-56000;-27000;1
192350;-56000;-27000;1
192350;-56000;-27000;1
192360;-55900;-27000;1
192360;-55900;-27000;1
192370;-55900;-27000;1
192380;-55900;-27000;1
192390;-55900;-27000;1
192390;-55900;-27000;1
192410;-55900;-27000;1
192420;-55900;-27000;1
192430;-55900;-27000;1
192440;-55900;-27000;1
192450;-55900;-27000;1
192450;-55900;-27000;1
192470;-55900;-27000;1
192470;-55800;-27100;1
192490;-55800;-27100;1
192500;-55800;-27100;1
192500;-55800;-27100;1
192520;-55800;-27100;1
192520;-55800;-27100;1
192540;-55800;-27100;1
192540;-55800;-27100;1
192560;-55800;-27100;1
192560;-55800;-27100;1
192580;-55800;-27100;1
192580;-55800;-27100;1
192600;-55700;-27100;1
192600;-55700;-27100;1
192620;-55700;-27100;1
192620;-55700;-27100;1
192630;-55700;-27100;1
192640;-55700;-27100;1
192650;-55700;-27100;1
192660;-55700;-27100;1
192670;-55700;-27100;1
192680;-55700;-27100;1
192690;-55700;-27100;1
192690;-55600;-27100;1
192710;-55600;-27100;1
192710;-55600;-27100;1
192720;-55600;-27100;1
192730;-55600;-27100;1
192730;-55600;-27100;1
192740;-55600;-27100;1
192750;-55600;-27100;1
192760;-55600;-27100;1
192770;-55600;-27200;1
192770;-55600;-27200;1
192780;-55600;-27200;1
192790;-55600;-27200;1
192790;-55500;-27200;1
192800;-55500;-27200;1
192810;-55500;-27200;1
192820;-55500;-27200;1
192820;-55500;-27200;1
192830;-55500;-27200;1
192840;-55500;-27200;1
192840;-55500;-27200;1
192850;-55500;-27200;1
192860;-55500;-27200;1
192870;-55500;-27200;1
192870;-55500;-27200;1
192880;-55500;-27200;1
192880;-55400;-27200;1
192890;-55400;-27200;1
192900;-55400;-27200;1
192900;-55400;-27200;1
192910;-55400;-27200;1
192920;-55400;-27200;1
192920;-55400;-27200;1
192930;-55400;-27200;1
192940;-55400;-27200;1
192940;-55400;-27200;1
192950;-55400;-27200;1
192960;-55400;-27200;1
192970;-55400;-27200;1
192970;-55300;-27200;1
192980;-55300;-27200;1
192980;-55300;-27200;1
192990;-55300;-27200;1
193000;-55300;-27200;1
193000;-55300;-27200;1
193010;-55300;-27200;1
193020;-55300;-27200;1
193030;-55300;-27200;1
193030;-55300;-27200;1
193040;-55300;-27200;1
193040;-55200;-27200;1
193050;-55200;-27200;1
193060;-55200;-27200;1
193070;-55200;-27200;1
193080;-55200;-27200;1
193100;-55200;-27200;1
193110;-55100;-27200;1
193130;-55100;-27200;1
193140;-55100;-27200;1
193160;-55100;-27200;1
193170;-55100;-27200;1
193180;-55100;-27200;1
193200;-55100;-27200;1
193210;-55000;-27200;1
193240;-55000;-27200;1
193250;-55000;-27300;1
193270;-55000;-27300;1
193290;-55000;-27300;1
193310;-54900;-27300;1
193330;-54900;-27300;1
193350;-54900;-27300;1
193370;-54900;-27300;1
193390;-54900;-27300;1
193410;-54800;-27300;1
193440;-54800;-27300;1
193450;-54800;-27300;1
193480;-54800;-27300;1
193500;-54700;-27300;1
193520;-54700;-27300;1
193540;-54700;-27300;1
193560;-54700;-27300;1
193590;-54700;-27300;1
193600;-54600;-27300;1
193640;-54600;-27300;1
193650;-54600;-27400;1
193670;-54600;-27400;1
193700;-54600;-27400;1
193720;-54500;-27400;1
193760;-54500;-27400;1
193780;-54500;-27400;1
193810;-54500;-27400;1
193830;-54400;-27400;1
193870;-54400;-27400;1
193880;-54400;-27400;1
193920;-54400;-27400;1
193940;-54300;-27400;1
193960;-54300;-27500;1
193980;-54300;-27500;1
194020;-54300;-27500;1
194040;-54200;-27500;1
194070;-54200;-27500;1
194090;-54200;-27500;1
194130;-54200;-27500;1
194150;-54100;-27500;1
194190;-54100;-27500;1
194210;-54100;-27600;1
194260;-54100;-27600;1
194280;-54000;-27600;1
194320;-54000;-27600;1
194340;-54000;-27600;1
194380;-53900;-27600;1
194400;-53900;-27700;1
194450;-53900;-27700;1
194470;-53900;-27700;1
194510;-53800;-27700;1
194530;-53800;-27700;1
194580;-53800;-27700;1
194600;-53800;-27800;1
194650;-53700;-27800;1
194670;-53700;-27800;1
194720;-53700;-27800;1
194740;-53600;-27800;1
194790;-53600;-27900;1
194810;-53600;-27900;1
194830;-53600;-27900;1
194860;-53600;-27900;1
194910;-53500;-27900;1
194930;-53500;-28000;1
194950;-53500;-28000;1
195000;-53500;-28000;1
195030;-53400;-28000;1
195050;-53400;-28000;1
195110;-53400;-28100;1
195130;-53300;-28100;1
195160;-53300;-28100;1
195180;-53300;-28100;1
195240;-53300;-28100;1
195260;-53300;-28200;1
195310;-53200;-28200;1
195340;-53200;-28200;1
195370;-53200;-28300;1
195420;-53200;-28300;1
195450;-53100;-28300;1
195500;-53100;-28300;1
195530;-53100;-28400;1
195590;-53100;-28400;1
195610;-53000;-28400;1
195640;-53000;-28500;1
195700;-53000;-28500;1
195730;-53000;-28500;1
195750;-52900;-28500;1
195810;-52900;-28600;1
195840;-52900;-28600;1
195900;-52900;-28600;1
195930;-52800;-28700;1
195990;-52800;-28700;1
196020;-52800;-28700;1
196080;-52800;-28800;1
196110;-52700;-28800;1
196140;-52700;-28800;1
196200;-52700;-28900;1
196260;-52700;-28900;1
196290;-52600;-29000;1
196360;-52600;-29000;1
196390;-52600;-29100;1
196450;-52600;-29100;1
196480;-52600;-29100;1
196520;-52500;-29200;1
196580;-52500;-29200;1
196620;-52500;-29300;1
196690;-52500;-29300;1
196720;-52500;-29300;1
196750;-52400;-29400;1
196790;-52400;-29400;1
196860;-52400;-29400;1
196890;-52400;-29500;1
196960;-52400;-29500;1
197000;-52400;-29600;1
197030;-52300;-29600;1
197100;-52300;-29700;1
197140;-52300;-29700;1
197210;-52300;-29800;1
197250;-52300;-29800;1
197280;-52300;-29900;1
197350;-52300;-29900;1
197390;-52200;-30000;1
197430;-52200;-30000;1
197500;-52200;-30000;1
197540;-52200;-30100;1
197610;-52200;-30100;1
197650;-52200;-30200;1
197730;-52200;-30200;1
197760;-52200;-30300;1
197840;-52200;-30300;1
197880;-52100;-30400;1
197960;-52100;-30500;1
198000;-52100;-30500;1
198080;-52100;-30600;1
198120;-52100;-30600;1
198160;-52100;-30700;1
198240;-52100;-30700;1
198320;-52100;-30800;1
198360;-52100;-30900;1
198440;-52100;-30900;1
198480;-52100;-31000;1
198560;-52100;-31000;1
198600;-52100;-31100;1
198640;-52100;-31100;1
198720;-52100;-31200;1
198800;-52100;-31300;1
198850;-52100;-31300;1
198890;-52100;-31400;1
198970;-52100;-31400;1
199010;-52100;-31500;1
199090;-52100;-31500;1
199140;-52100;-31600;1
199220;-52100;-31700;1
199260;-52100;-31700;1
199310;-52100;-31800;1
199390;-52100;-31800;1
199440;-52100;-31900;1
199480;-52200;-31900;1
199570;-52200;-32000;1
199610;-52200;-32100;1
199700;-52200;-32100;1
199740;-52200;-32200;1
199830;-52200;-32200;1
199870;-52200;-32300;1
199920;-52200;-32400;1
199960;-52200;-32400;1
200050;-52300;-32400;1
200100;-52300;-32500;1
200140;-52300;-32600;1
200230;-52300;-32600;1
200280;-52300;-32700;1
200370;-52300;-32700;1
200410;-52400;-32800;1
200500;-52400;-32900;1
200550;-52400;-32900;1
200590;-52400;-33000;1
200690;-52400;-33000;1
200780;-52500;-33100;1
200830;-52500;-33200;1
200870;-52500;-33200;1
200920;-52500;-33300;1
200970;-52500;-33300;1
201010;-52600;-33400;1
201060;-52600;-33400;1
201110;-52600;-33500;1
201160;-52600;-33500;1
201250;-52600;-33600;1
201300;-52700;-33600;1
201350;-52700;-33700;1
201390;-52700;-33700;1
201440;-52700;-33800;1
201490;-52700;-33800;1
201540;-52800;-33900;1
201640;-52800;-33900;1
201690;-52800;-34000;1
201730;-52800;-34000;1
201830;-52900;-34100;1
201880;-52900;-34200;1
201930;-52900;-34200;1
202030;-52900;-34300;1
202090;-53000;-34400;1
202140;-53000;-34400;1
202240;-53000;-34400;1
202290;-53100;-34500;1
202400;-53100;-34600;1
202450;-53200;-34700;1
202550;-53200;-34700;1
202610;-53200;-34800;1
202660;-53300;-34900;1
202710;-53300;-34900;1
202820;-53300;-34900;1
202870;-53400;-35000;1
202980;-53400;-35100;1
203040;-53400;-35200;1
203090;-53500;-35200;1
203200;-53500;-35300;1
203250;-53500;-35400;1
203310;-53600;-35400;1
203370;-53600;-35500;1
203480;-53600;-35500;1
203530;-53700;-35600;1
203590;-53700;-35700;1
203700;-53700;-35700;1
203760;-53800;-35800;1
203820;-53800;-35900;1
203930;-53900;-35900;1
203990;-53900;-36000;1
204040;-53900;-36100;1
204150;-54000;-36100;1
204210;-54000;-36200;1
204270;-54000;-36300;1
204320;-54100;-36300;1
204430;-54100;-36300;1
204490;-54200;-36400;1
204600;-54200;-36500;1
204660;-54200;-36600;1
204710;-54300;-36600;1
204820;-54300;-36700;1
204870;-54300;-36800;1
204980;-54400;-36800;1
205040;-54400;-36900;1
205140;-54400;-37000;1
205200;-54500;-37100;1
205300;-54500;-37100;1
205350;-54600;-37200;1
205460;-54600;-37300;1
205510;-54700;-37300;1
205610;-54700;-37400;1
205660;-54700;-37500;1
205760;-54700;-37500;1
205810;-54800;-37600;1
205910;-54800;-37700;1
205960;-54900;-37700;1
206010;-54900;-37800;1
206110;-54900;-37800;1
206150;-55000;-37900;1
206250;-55000;-38000;1
206300;-55000;-38000;1
206340;-55000;-38100;1
206390;-55100;-38100;1
206440;-55100;-38200;1
206480;-55100;-38200;1
206530;-55100;-38300;1
206580;-55100;-38300;1
206670;-55200;-38300;1
206720;-55200;-38400;1
206760;-55200;-38500;1
206860;-55200;-38500;1
206900;-55300;-38600;1
206990;-55300;-38600;1
207040;-55300;-38700;1
207130;-55400;-38800;1
207180;-55400;-38800;1
207230;-55400;-38900;1
207270;-55400;-38900;1
207370;-55400;-39000;1
207410;-55500;-39100;1
207510;-55500;-39100;1
207550;-55500;-39200;1
207650;-55500;-39200;1
207690;-55600;-39300;1
207790;-55600;-39400;1
207830;-55600;-39500;1
207930;-55600;-39500;1
207980;-55700;-39600;1
208070;-55700;-39600;1
208120;-55700;-39700;1
208220;-55700;-39800;1
208260;-55700;-39900;1
208360;-55700;-39900;1
208410;-55700;-40000;1
208510;-55800;-40100;1
208560;-55800;-40100;1
208610;-55800;-40200;1
208660;-55800;-40200;1
208760;-55800;-40300;1
208810;-55800;-40400;1
208860;-55800;-40400;1
208910;-55800;-40500;1
209010;-55800;-40500;1
209060;-55900;-40600;1
209120;-55900;-40700;1
209220;-55900;-40700;1
209270;-55900;-40800;1
209320;-55900;-40900;1
209370;-55900;-40900;1
209480;-55900;-41000;1
209530;-55900;-41100;1
209630;-55900;-41100;1
209690;-55900;-41200;1
209740;-55900;-41300;1
209850;-55900;-41400;1
209900;-55900;-41500;1
209950;-55900;-41500;1
210010;-55900;-41600;1
210120;-56000;-41600;1
210170;-56000;-41700;1
210220;-56000;-41800;1
210330;-56000;-41800;1
210390;-56000;-41900;1
210440;-56000;-42000;1
210500;-56000;-42100;1
210610;-56000;-42100;1
210670;-56000;-42200;1
210720;-56000;-42300;1
210780;-56000;-42300;1
210830;-56000;-42400;1
210950;-56000;-42400;1
211010;-56000;-42600;1
211060;-56000;-42600;1
211180;-56000;-42700;1
211240;-56000;-42800;1
211290;-56000;-42800;1
211350;-56000;-42900;1
211470;-56000;-43000;1
211530;-56000;-43100;1
211590;-56000;-43100;1
211650;-56000;-43200;1
211770;-56000;-43300;1
211830;-56000;-43400;1
211890;-56000;-43400;1
212010;-56000;-43500;1
212070;-56000;-43600;1
212130;-56000;-43700;1
212250;-56000;-43700;1
212310;-56000;-43900;1
212380;-56000;-43900;1
212500;-56000;-44000;1
212560;-56000;-44100;1
212690;-56000;-44200;1
212750;-56000;-44300;1
212810;-56000;-44400;1
212940;-56000;-44400;1
213070;-56000;-44500;1
213130;-56000;-44700;1
213200;-56000;-44700;1
213320;-56000;-44800;1
213390;-56000;-44900;1
213520;-56000;-45000;1
213590;-56000;-45100;1
213720;-56000;-45200;1
213780;-56000;-45300;1
213850;-56000;-45400;1
213980;-56000;-45500;1
214050;-56000;-45600;1
214180;-56000;-45700;1
214250;-56000;-45800;1
214380;-56000;-45900;1
214450;-56000;-46000;1
214590;-56000;-46100;1
214660;-56000;-46200;1
214790;-56000;-46300;1
214860;-56000;-46400;1
215000;-56000;-46500;1
215070;-56000;-46600;1
215210;-56000;-46700;1
215280;-56000;-46800;1
215420;-56000;-46900;1
215490;-56000;-47000;1
215630;-56000;-47100;1
215700;-56000;-47200;1
215850;-56000;-47300;1
215920;-56000;-47500;1
216060;-56000;-47500;1
216130;-56000;-47700;1
216280;-56000;-47700;1
216350;-56000;-47900;1
216430;-56000;-48000;1
216500;-56000;-48000;1
216640;-56000;-48100;1
216720;-56000;-48200;1
216790;-56000;-48300;1
216860;-56000;-48400;1
217010;-56000;-48500;1
217080;-56000;-48600;1
217160;-56000;-48700;1
217300;-56000;-48800;1
217370;-56000;-48900;1
217450;-56000;-49000;1
217590;-56000;-49100;1
217660;-56000;-49200;1
217730;-56000;-49300;1
217870;-56000;-49300;1
217940;-56000;-49500;1
218080;-56000;-49500;1
218150;-56000;-49700;1
218210;-56000;-49800;1
218350;-56000;-49800;1
218410;-56000;-50000;1
218550;-56000;-50000;1
218610;-56000;-50100;1
218740;-56000;-50200;1
218800;-56000;-50300;1
218860;-56000;-50400;1
218990;-56000;-50500;1
219050;-56000;-50600;1
219110;-56000;-50700;1
219230;-56000;-50700;1
219350;-56000;-50800;1
219400;-56000;-50900;1
219460;-56000;-51000;1
219520;-56000;-51100;1
219630;-56000;-51100;1
219690;-56000;-51200;1
219800;-56000;-51300;1
219860;-56000;-51400;1
219910;-56000;-51500;1
220020;-56000;-51500;1
220070;-56000;-51600;1
220180;-56000;-51700;1
220230;-56000;-51800;1
220340;-56000;-51800;1
220390;-56000;-51900;1
220440;-56000;-52000;1
220540;-56000;-52000;1
220590;-56000;-52100;1
220640;-56000;-52200;1
220740;-56000;-52200;1
220790;-56000;-52300;1
220840;-56000;-52400;1
220940;-56000;-52400;1
220980;-56000;-52500;1
221080;-56000;-52600;1
221130;-56000;-52700;1
221220;-56000;-52700;1
221270;-56000;-52800;1
221360;-56000;-52900;1
221400;-56000;-53000;1
221450;-56000;-53000;1
221540;-56000;-53100;1
221590;-55900;-53100;1
221680;-55900;-53200;1
221720;-55900;-53300;1
221810;-55900;-53300;1
221860;-55900;-53400;1
221900;-55900;-53500;1
221990;-55900;-53500;1
222040;-55900;-53600;1
222080;-55900;-53600;1
222170;-55900;-53700;1
222220;-55900;-53800;1
222260;-55900;-53800;1
222360;-55900;-53900;1
222400;-55900;-53900;1
222450;-55900;-54000;1
222540;-55900;-54000;1
222580;-55800;-54100;1
222670;-55800;-54200;1
222720;-55800;-54300;1
222810;-55800;-54300;1
222860;-55800;-54400;1
222900;-55800;-54400;1
222950;-55800;-54500;1
223040;-55800;-54500;1
223090;-55700;-54600;1
223130;-55700;-54700;1
223180;-55700;-54700;1
223270;-55700;-54700;1
223320;-55700;-54800;1
223360;-55700;-54900;1
223460;-55600;-54900;1
223500;-55600;-55000;1
223550;-55600;-55000;1
223650;-55600;-55100;1
223690;-55600;-55200;1
223790;-55500;-55200;1
223840;-55500;-55300;1
223880;-55500;-55300;1
223980;-55500;-55400;1
224020;-55400;-55500;1
224120;-55400;-55500;1
224160;-55400;-55600;1
224210;-55400;-55600;1
224300;-55300;-55700;1
224350;-55300;-55800;1
224400;-55300;-55800;1
224490;-55300;-55800;1
224530;-55200;-55900;1
224630;-55200;-56000;1
224670;-55200;-56000;1
224760;-55100;-56100;1
224810;-55100;-56200;1
224860;-55100;-56200;1
224950;-55000;-56200;1
224990;-55000;-56300;1
225040;-55000;-56300;1
225130;-55000;-56400;1
225170;-54900;-56500;1
225220;-54900;-56500;1
225310;-54900;-56500;1
225350;-54800;-56600;1
225400;-54800;-56600;1
225440;-54800;-56700;1
225530;-54700;-56700;1
225580;-54700;-56800;1
225620;-54600;-56800;1
225670;-54600;-56800;1
225760;-54600;-56900;1
225810;-54500;-56900;1
225850;-54500;-57000;1
225900;-54500;-57000;1
225990;-54500;-57000;1
226030;-54400;-57100;1
226080;-54400;-57100;1
226170;-54300;-57200;1
226220;-54300;-57300;1
226270;-54300;-57300;1
226360;-54200;-57300;1
226410;-54200;-57400;1
226450;-54100;-57400;1
226500;-54100;-57500;1
226600;-54100;-57500;1
226650;-54000;-57600;1
226740;-54000;-57600;1
226790;-53900;-57700;1
226840;-53900;-57700;1
226930;-53800;-57700;1
226980;-53800;-57800;1
227080;-53700;-57800;1
227130;-53700;-57900;1
227170;-53600;-57900;1
227220;-53600;-58000;1
227320;-53600;-58000;1
227370;-53500;-58100;1
227470;-53500;-58100;1
227520;-53400;-58200;1
227570;-53300;-58200;1
227670;-53300;-58200;1
227720;-53200;-58300;1
227820;-53200;-58300;1
227870;-53100;-58400;1
227980;-53100;-58400;1
228030;-53000;-58500;1
228130;-53000;-58500;1
228180;-52900;-58600;1
228240;-52800;-58600;1
228340;-52800;-58600;1
228390;-52700;-58700;1
228450;-52700;-58700;1
228550;-52600;-58800;1
228610;-52500;-58800;1
228660;-52500;-58900;1
228770;-52500;-58900;1
228820;-52400;-59000;1
228870;-52300;-59000;1
228980;-52300;-59000;1
229040;-52200;-59100;1
229090;-52100;-59100;1
229200;-52100;-59200;1
229260;-52000;-59200;1
229310;-52000;-59200;1
229370;-51900;-59300;1
229480;-51900;-59300;1
229530;-51800;-59400;1
229590;-51700;-59400;1
229640;-51700;-59400;1
229750;-51700;-59500;1
229810;-51600;-59500;1
229860;-51500;-59600;1
229920;-51500;-59600;1
230030;-51400;-59600;1
230080;-51300;-59700;1
230140;-51300;-59700;1
230250;-51300;-59800;1
230300;-51200;-59800;1
230360;-51100;-59900;1
230470;-51100;-59900;1
230520;-51000;-60000;1
230630;-51000;-60000;1
230680;-50900;-60100;1
230790;-50800;-60100;1
230850;-50700;-60200;1
230950;-50700;-60200;1
231010;-50600;-60300;1
231120;-50600;-60300;1
231170;-50500;-60400;1
231280;-50500;-60400;1
231330;-50400;-60500;1
231440;-50300;-60500;1
231500;-50300;-60600;1
231550;-50200;-60600;1
231660;-50200;-60700;1
231710;-50100;-60700;1
231770;-50100;-60800;1
231870;-50000;-60800;1
231930;-49900;-60900;1
232040;-49900;-60900;1
232090;-49800;-61000;1
232200;-49800;-61000;1
232250;-49700;-61100;1
232360;-49700;-61200;1
232410;-49600;-61200;1
232460;-49600;-61300;1
232520;-49500;-61300;1
232570;-49500;-61400;1
232680;-49500;-61400;1
232730;-49400;-61500;1
232840;-49400;-61500;1
232890;-49300;-61600;1
233000;-49300;-61600;1
233050;-49200;-61700;1
233160;-49200;-61800;1
233210;-49100;-61900;1
233270;-49100;-61900;1
233380;-49000;-61900;1
233430;-49000;-62000;1
233540;-48900;-62100;1
233590;-48900;-62100;1
233640;-48900;-62200;1
233750;-48800;-62200;1
233810;-48800;-62300;1
233920;-48700;-62400;1
233970;-48700;-62500;1
234080;-48700;-62500;1
234130;-48600;-62600;1
234240;-48600;-62600;1
234300;-48500;-62700;1
234410;-48500;-62800;1
234460;-48400;-62900;1
234570;-48400;-62900;1
234630;-48400;-63000;1
234740;-48300;-63000;1
234790;-48300;-63100;1
234900;-48300;-63200;1
234960;-48200;-63300;1
235010;-48200;-63300;1
235120;-48200;-63400;1
235180;-48100;-63500;1
235290;-48100;-63500;1
235340;-48100;-63600;1
235450;-48000;-63700;1
235510;-48000;-63800;1
235620;-48000;-63800;1
235680;-47900;-63900;1
235790;-47900;-64000;1
235850;-47900;-64100;1
235960;-47900;-64100;1
236020;-47800;-64200;1
236130;-47800;-64300;1
236180;-47800;-64400;1
236300;-47800;-64400;1
236350;-47700;-64600;1
236470;-47700;-64600;1
236520;-47700;-64700;1
236640;-47700;-64800;1
236690;-47700;-64900;1
236810;-47600;-64900;1
236860;-47600;-65000;1
236980;-47600;-65100;1
237030;-47600;-65200;1
237150;-47600;-65300;1
237210;-47600;-65400;1
237320;-47600;-65400;1
237380;-47500;-65500;1
237440;-47500;-65600;1
237560;-47500;-65600;1
237610;-47500;-65800;1
237730;-47500;-65800;1
237790;-47500;-65900;1
237900;-47500;-66000;1
237960;-47500;-66100;1
238080;-47500;-66100;1
238140;-47500;-66300;1
238250;-47500;-66300;1
238310;-47500;-66400;1
238370;-47500;-66500;1
238430;-47500;-66500;1
238490;-47500;-66600;1
238610;-47500;-66700;1
238670;-47500;-66800;1
238790;-47500;-66800;1
238850;-47500;-67000;1
238910;-47500;-67000;1
238970;-47500;-67100;1
239090;-47500;-67100;1
239150;-47500;-67200;1
239280;-47500;-67300;1
239340;-47500;-67400;1
239460;-47500;-67500;1
239580;-47600;-67600;1
239640;-47600;-67700;1
239700;-47600;-67800;1
239820;-47600;-67800;1
239880;-47600;-67900;1
240000;-47600;-68000;1
240120;-47600;-68100;1
240190;-47700;-68200;1
240310;-47700;-68300;1
240370;-47700;-68400;1
240430;-47700;-68500;1
240550;-47700;-68500;1
240610;-47800;-68700;1
240730;-47800;-68700;1
240790;-47800;-68800;1
240920;-47800;-68900;1
240980;-47900;-69000;1
241100;-47900;-69100;1
241160;-47900;-69200;1
241290;-47900;-69200;1
241350;-48000;-69400;1
241480;-48000;-69400;1
241540;-48000;-69500;1
241600;-48100;-69600;1
241660;-48100;-69700;1
241790;-48100;-69700;1
241850;-48100;-69800;1
241920;-48200;-69900;1
242040;-48200;-70000;1
242110;-48200;-70100;1
242240;-48300;-70100;1
242300;-48300;-70300;1
242360;-48300;-70300;1
242430;-48300;-70400;1
242490;-48400;-70400;1
242620;-48400;-70500;1
242690;-48400;-70600;1
242820;-48500;-70700;1
242880;-48500;-70800;1
242950;-48500;-70900;1
243080;-48600;-70900;1
243140;-48600;-71000;1
243280;-48600;-71100;1
243340;-48700;-71200;1
243470;-48700;-71300;1
243540;-48700;-71400;1
243670;-48800;-71500;1
243740;-48800;-71600;1
243810;-48800;-71700;1
243870;-48900;-71700;1
243940;-48900;-71800;1
244070;-48900;-71800;1
244140;-49000;-72000;1
244280;-49000;-72000;1
244340;-49000;-72200;1
244410;-49100;-72200;1
244550;-49100;-72300;1
244610;-49100;-72400;1
244750;-49200;-72500;1
244820;-49200;-72600;1
244960;-49200;-72700;1
245020;-49300;-72800;1
245090;-49300;-72800;1
245160;-49300;-72900;1
245230;-49400;-73000;1
245360;-49400;-73000;1
245430;-49400;-73200;1
245560;-49500;-73200;1
245630;-49500;-73400;1
245760;-49500;-73400;1
245890;-49600;-73500;1
245950;-49600;-73700;1
246020;-49600;-73700;1
246080;-49700;-73800;1
246210;-49700;-73800;1
246270;-49700;-74000;1
246400;-49800;-74000;1
246520;-49800;-74100;1
246580;-49900;-74200;1
246640;-49900;-74300;1
246700;-49900;-74400;1
246820;-49900;-74400;1
246880;-50000;-74500;1
247000;-50000;-74600;1
247060;-50000;-74700;1
247170;-50000;-74700;1
247230;-50100;-74900;1
247340;-50100;-74900;1
247400;-50100;-75000;1
247510;-50200;-75100;1
247620;-50200;-75200;1
247670;-50200;-75300;1
247730;-50300;-75300;1
247780;-50300;-75400;1
247890;-50300;-75400;1
247940;-50300;-75500;1
248050;-50400;-75600;1
248100;-50400;-75700;1
248210;-50400;-75700;1
248310;-50500;-75800;1
248360;-50500;-75900;1
248460;-50500;-76000;1
248510;-50500;-76100;1
248610;-50600;-76100;1
248660;-50600;-76200;1
248760;-50600;-76200;1
248810;-50600;-76300;1
248910;-50700;-76400;1
249000;-50700;-76500;1
249050;-50700;-76600;1
249140;-50700;-76600;1
249190;-50800;-76700;1
249280;-50800;-76700;1
249320;-50800;-76800;1
249410;-50800;-76900;1
249500;-50900;-76900;1
249540;-50900;-77000;1
249590;-50900;-77100;1
249630;-50900;-77100;1
249670;-51000;-77200;1
249760;-51000;-77200;1
249840;-51000;-77300;1
249880;-51000;-77300;1
249930;-51000;-77400;1
249970;-51100;-77400;1
250010;-51100;-77500;1
250090;-51100;-77500;1
250180;-51100;-77600;1
250220;-51100;-77700;1
250260;-51200;-77700;1
250350;-51200;-77700;1
250430;-51200;-77800;1
250470;-51200;-77900;1
250560;-51200;-77900;1
250600;-51300;-78000;1
250690;-51300;-78100;1
250730;-51300;-78100;1
250820;-51300;-78200;1
250860;-51400;-78300;1
250950;-51400;-78300;1
251030;-51400;-78400;1
251080;-51400;-78500;1
251170;-51400;-78500;1
251210;-51500;-78600;1
251300;-51500;-78600;1
251340;-51500;-78700;1
251430;-51500;-78800;1
251480;-51500;-78800;1
251570;-51600;-78900;1
251610;-51600;-79000;1
251700;-51600;-79000;1
251750;-51600;-79100;1
251790;-51600;-79100;1
251840;-51600;-79200;1
251930;-51700;-79200;1
251980;-51700;-79300;1
252070;-51700;-79400;1
252110;-51700;-79500;1
252210;-51700;-79500;1
252250;-51700;-79600;1
252340;-51800;-79600;1
252390;-51800;-79700;1
252480;-51800;-79800;1
252530;-51800;-79900;1
252620;-51800;-79900;1
252670;-51800;-80000;1
252760;-51800;-80000;1
252810;-51900;-80100;1
252910;-51900;-80200;1
252950;-51900;-80300;1
253000;-51900;-80300;1
253050;-51900;-80400;1
253140;-51900;-80400;1
253190;-51900;-80500;1
253290;-51900;-80600;1
253330;-51900;-80700;1
253430;-51900;-80700;1
253480;-51900;-80800;1
253580;-51900;-80900;1
253680;-51900;-81000;1
253730;-51900;-81100;1
253830;-51900;-81100;1
253880;-51900;-81200;1
253930;-51900;-81300;1
254030;-51900;-81300;1
254130;-51900;-81400;1
254180;-51900;-81500;1
254280;-51900;-81600;1
254330;-51900;-81700;1
254430;-51900;-81700;1
254480;-51900;-81800;1
254590;-51900;-81900;1
254690;-51900;-82000;1
254740;-51800;-82100;1
254850;-51800;-82100;1
254900;-51800;-82200;1
254950;-51800;-82300;1
255000;-51800;-82300;1
255060;-51800;-82400;1
255110;-51800;-82400;1
255160;-51800;-82500;1
255220;-51800;-82500;1
255270;-51800;-82600;1
255330;-51800;-82600;1
255380;-51700;-82700;1
255440;-51700;-82700;1
255490;-51700;-82800;1
255540;-51700;-82900;1
255650;-51700;-82900;1
255710;-51700;-83000;1
255760;-51700;-83100;1
255820;-51600;-83100;1
255880;-51600;-83200;1
255930;-51600;-83200;1
255990;-51600;-83300;1
256040;-51600;-83300;1
256160;-51600;-83400;1
256270;-51500;-83500;1
256330;-51500;-83600;1
256380;-51500;-83700;1
256440;-51500;-83700;1
256500;-51500;-83800;1
256560;-51400;-83800;1
256620;-51400;-83900;1
256670;-51400;-83900;1
256730;-51400;-84000;1
256790;-51400;-84000;1
256910;-51400;-84100;1
257030;-51300;-84200;1
257090;-51300;-84300;1
257150;-51300;-84400;1
257210;-51200;-84400;1
257260;-51200;-84500;1
257320;-51200;-84500;1
257380;-51200;-84600;1
257440;-51100;-84600;1
257570;-51100;-84700;1
257630;-51100;-84800;1
257690;-51100;-84900;1
257750;-51000;-84900;1
257810;-51000;-85000;1
257870;-51000;-85000;1
257930;-51000;-85100;1
257990;-50900;-85100;1
258050;-50900;-85200;1
258120;-50900;-85200;1
258180;-50800;-85300;1
258300;-50800;-85400;1
258430;-50800;-85500;1
258490;-50700;-85600;1
258560;-50700;-85600;1
258620;-50600;-85700;1
258680;-50600;-85700;1
258740;-50600;-85800;1
258810;-50600;-85900;1
258870;-50500;-85900;1
259000;-50500;-86000;1
259060;-50400;-86100;1
259130;-50400;-86100;1
259190;-50400;-86200;1
259260;-50300;-86200;1
259320;-50300;-86300;1
259390;-50300;-86300;1
259450;-50200;-86400;1
259520;-50200;-86400;1
259580;-50200;-86500;1
259650;-50100;-86600;1
259710;-50100;-86600;1
259780;-50000;-86700;1
259840;-50000;-86700;1
259910;-50000;-86800;1
259980;-49900;-86800;1
260040;-49900;-86900;1
260110;-49900;-86900;1
260240;-49800;-87000;1
260310;-49700;-87100;1
260370;-49700;-87100;1
260440;-49700;-87200;1
260510;-49600;-87200;1
260570;-49600;-87300;1
260640;-49500;-87300;1
260780;-49500;-87400;1
260840;-49400;-87500;1
260910;-49400;-87500;1
260980;-49300;-87600;1
261050;-49300;-87600;1
261180;-49200;-87700;1
261250;-49100;-87800;1
261320;-49100;-87800;1
261390;-49000;-87900;1
261460;-49000;-87900;1
261530;-48900;-88000;1
261600;-48900;-88000;1
261660;-48800;-88100;1
261730;-48800;-88100;1
261800;-48700;-88200;1
261870;-48700;-88200;1
261940;-48600;-88200;1
262010;-48600;-88300;1
262080;-48500;-88300;1
262150;-48500;-88400;1
262220;-48400;-88400;1
262290;-48400;-88500;1
262360;-48300;-88500;1
262430;-48300;-88600;1
262500;-48200;-88600;1
262570;-48200;-88600;1
262640;-48100;-88700;1
262710;-48000;-88700;1
262780;-48000;-88800;1
262850;-47900;-88800;1
262920;-47900;-88800;1
262990;-47800;-88900;1
263070;-47800;-88900;1
263140;-47700;-89000;1
263280;-47600;-89000;1
263350;-47500;-89100;1
263420;-47500;-89100;1
263490;-47400;-89200;1
263570;-47300;-89200;1
263640;-47300;-89200;1
263710;-47200;-89300;1
263780;-47200;-89300;1
263850;-47100;-89300;1
263930;-47000;-89400;1
264000;-47000;-89400;1
264070;-46900;-89400;1
264140;-46900;-89500;1
264220;-46800;-89500;1
264290;-46700;-89500;1
264360;-46700;-89600;1
264440;-46600;-89600;1
264510;-46500;-89600;1
264580;-46500;-89700;1
264660;-46400;-89700;1
264730;-46300;-89700;1
264800;-46300;-89800;1
264870;-46200;-89800;1
264950;-46100;-89800;1
265020;-46100;-89800;1
265090;-46000;-89900;1
265170;-45900;-89900;1
265240;-45900;-89900;1
265310;-45800;-89900;1
265390;-45700;-90000;1
265460;-45700;-90000;1
265540;-45600;-90000;1
265610;-45500;-90100;1
265680;-45500;-90100;1
265760;-45400;-90100;1
265910;-45300;-90100;1
265980;-45200;-90200;1
266060;-45100;-90200;1
266130;-45100;-90200;1
266210;-45000;-90200;1
266280;-44900;-90300;1
266360;-44800;-90300;1
266430;-44800;-90300;1
266510;-44700;-90300;1
266580;-44600;-90300;1
266660;-44600;-90300;1
266730;-44500;-90400;1
266810;-44400;-90400;1
266880;-44300;-90400;1
266960;-44300;-90400;1
267030;-44200;-90400;1
267110;-44100;-90400;1
267180;-44100;-90500;1
267260;-44000;-90500;1
267340;-43900;-90500;1
267410;-43800;-90500;1
267490;-43800;-90500;1
267560;-43700;-90500;1
267640;-43600;-90500;1
267720;-43500;-90600;1
267790;-43500;-90600;1
267870;-43400;-90600;1
267950;-43300;-90600;1
268020;-43200;-90600;1
268100;-43200;-90600;1
268180;-43100;-90600;1
268250;-43000;-90600;1
268330;-42900;-90600;1
268410;-42900;-90700;1
268480;-42800;-90700;1
268560;-42700;-90700;1
268640;-42600;-90700;1
268720;-42600;-90700;1
268790;-42500;-90700;1
268870;-42400;-90700;1
268950;-42300;-90700;1
269030;-42300;-90700;1
269100;-42200;-90700;1
269180;-42100;-90700;1
269260;-42000;-90700;1
269340;-42000;-90700;1
269410;-41900;-90700;1
269490;-41800;-90700;1
269570;-41700;-90700;1
269650;-41600;-90700;1
269730;-41600;-90700;1
269800;-41500;-90700;1
269880;-41400;-90700;1
269960;-41300;-90700;1
270040;-41300;-90700;1
270120;-41200;-90700;1
270200;-41100;-90700;1
270280;-41000;-90700;1
270350;-40900;-90700;1
270430;-40900;-90700;1
270510;-40800;-90700;1
270590;-40700;-90700;1
270670;-40600;-90700;1
270750;-40600;-90700;1
270830;-40500;-90700;1
270910;-40400;-90700;1
270990;-40300;-90700;1
271070;-40200;-90700;1
271150;-40200;-90600;1
271230;-40100;-90600;1
271300;-40000;-90600;1
271380;-39900;-90600;1
271460;-39900;-90600;1
271540;-39800;-90600;1
271620;-39700;-90600;1
271700;-39600;-90600;1
271780;-39500;-90600;1
271860;-39500;-90500;1
271940;-39400;-90500;1
272020;-39300;-90500;1
272100;-39200;-90500;1
272180;-39200;-90500;1
272260;-39100;-90500;1
272340;-39000;-90500;1
272420;-38900;-90400;1
272500;-38800;-90400;1
272590;-38800;-90400;1
272670;-38700;-90400;1
272750;-38600;-90400;1
272830;-38500;-90400;1
272910;-38500;-90300;1
272990;-38400;-90300;1
273070;-38300;-90300;1
273150;-38200;-90300;1
273230;-38100;-90200;1
273310;-38100;-90200;1
273390;-38000;-90200;1
273470;-37900;-90200;1
273550;-37800;-90100;1
273640;-37800;-90100;1
273720;-37700;-90100;1
273800;-37600;-90100;1
273880;-37500;-90000;1
273960;-37500;-90000;1
274120;-37400;-90000;1
274200;-37200;-89900;1
274290;-37200;-89900;1
274370;-37100;-89900;1
274450;-37000;-89800;1
274530;-36900;-89800;1
274610;-36900;-89800;1
274690;-36800;-89700;1
274780;-36700;-89700;1
274860;-36600;-89700;1
274940;-36600;-89600;1
275020;-36500;-89600;1
275110;-36400;-89600;1
275190;-36300;-89500;1
275270;-36300;-89500;1
275350;-36200;-89500;1
275440;-36100;-89400;1
275520;-36100;-89400;1
275600;-36000;-89300;1
275680;-35900;-89300;1
275770;-35800;-89300;1
275850;-35800;-89200;1
275930;-35700;-89200;1
276010;-35600;-89100;1
276100;-35600;-89100;1
276180;-35500;-89100;1
276260;-35400;-89000;1
276350;-35300;-89000;1
276430;-35300;-88900;1
276510;-35200;-88900;1
276600;-35100;-88800;1
276680;-35100;-88800;1
276760;-35000;-88700;1
276850;-34900;-88700;1
276930;-34900;-88600;1
277020;-34800;-88600;1
277100;-34700;-88600;1
277180;-34700;-88500;1
277270;-34600;-88500;1
277350;-34500;-88400;1
277430;-34500;-88400;1
277520;-34400;-88300;1
277600;-34300;-88300;1
277690;-34300;-88200;1
277770;-34200;-88100;1
277860;-34100;-88100;1
277940;-34100;-88000;1
278030;-34000;-88000;1
278110;-33900;-87900;1
278190;-33900;-87900;1
278280;-33800;-87800;1
278360;-33800;-87800;1
278450;-33700;-87700;1
278530;-33600;-87700;1
278620;-33600;-87600;1
278700;-33500;-87500;1
278790;-33400;-87500;1
278870;-33400;-87400;1
278960;-33300;-87400;1
279040;-33300;-87300;1
279130;-33200;-87200;1
279210;-33100;-87200;1
279300;-33100;-87100;1
279390;-33000;-87100;1
279470;-33000;-87000;1
279560;-32900;-86900;1
279640;-32900;-86900;1
279730;-32800;-86800;1
279810;-32700;-86700;1
279900;-32700;-86700;1
279990;-32600;-86600;1
280070;-32600;-86600;1
280160;-32500;-86500;1
280240;-32500;-86400;1
280330;-32400;-86400;1
280420;-32400;-86300;1
280500;-32300;-86200;1
280590;-32300;-86200;1
280670;-32200;-86100;1
280760;-32200;-86000;1
280850;-32100;-85900;1
280930;-32100;-85900;1
281020;-32000;-85800;1
281110;-32000;-85700;1
281190;-31900;-85700;1
281280;-31900;-85600;1
281370;-31800;-85500;1
281450;-31800;-85500;1
281540;-31700;-85400;1
281630;-31700;-85300;1
281720;-31600;-85200;1
281800;-31600;-85200;1
281890;-31500;-85100;1
281980;-31500;-85000;1
282060;-31500;-84900;1
282150;-31400;-84900;1
282240;-31400;-84800;1
282330;-31300;-84700;1
282410;-31300;-84600;1
282500;-31300;-84600;1
282590;-31200;-84500;1
282680;-31200;-84400;1
282770;-31100;-84300;1
282850;-31100;-84300;1
282940;-31100;-84200;1
283030;-31000;-84100;1
283120;-31000;-84000;1
283200;-30900;-84000;1
283290;-30900;-83900;1
283380;-30900;-83800;1
283470;-30800;-83700;1
283560;-30800;-83600;1
283640;-30800;-83600;1
283730;-30700;-83500;1
283820;-30700;-83400;1
283910;-30700;-83300;1
284000;-30600;-83200;1
284090;-30600;-83200;1
284180;-30600;-83100;1
284260;-30500;-83000;1
284350;-30500;-82900;1
284440;-30500;-82800;1
284530;-30400;-82700;1
284620;-30400;-82700;1
284710;-30400;-82600;1
284800;-30400;-82500;1
284890;-30300;-82400;1
284970;-30300;-82300;1
285060;-30300;-82200;1
285150;-30300;-82200;1
285240;-30200;-82100;1
285330;-30200;-82000;1
285420;-30200;-81900;1
285510;-30200;-81800;1
285600;-30100;-81700;1
285690;-30100;-81700;1
285780;-30100;-81600;1
285870;-30100;-81500;1
285960;-30100;-81400;1
286050;-30000;-81300;1
286140;-30000;-81200;1
286230;-30000;-81100;1
286320;-30000;-81100;1
286410;-30000;-81000;1
286500;-29900;-80900;1
286590;-29900;-80800;1
286680;-29900;-80700;1
286770;-29900;-80600;1
286860;-29900;-80500;1
286950;-29900;-80400;1
287040;-29900;-80400;1
287130;-29800;-80300;1
287220;-29800;-80200;1
287310;-29800;-80100;1
287400;-29800;-80000;1
287490;-29800;-79900;1
287580;-29800;-79800;1
287670;-29800;-79700;1
287760;-29800;-79700;1
287850;-29800;-79600;1
287940;-29800;-79500;1
288030;-29700;-79400;1
288120;-29700;-79300;1
288210;-29700;-79200;1
288300;-29700;-79100;1
288390;-29700;-79000;1
288480;-29700;-78900;1
288570;-29700;-78900;1
288660;-29700;-78800;1
288750;-29700;-78700;1
288930;-29700;-78600;1
289020;-29700;-78400;1
289110;-29700;-78300;1
289200;-29700;-78200;1
289290;-29700;-78100;1
289380;-29700;-78000;1
289470;-29700;-78000;1
289560;-29700;-77900;1
289650;-29700;-77800;1
289750;-29700;-77700;1
289840;-29700;-77600;1
289930;-29700;-77500;1
290110;-29700;-77400;1
290200;-29700;-77200;1
290290;-29700;-77200;1
290380;-29800;-77100;1
290560;-29800;-77000;1
290650;-29800;-76800;1
290740;-29800;-76700;1
290830;-29800;-76600;1
290920;-29800;-76500;1
291100;-29800;-76400;1
291280;-29900;-76300;1
291370;-29900;-76100;1
291560;-29900;-76000;1
291650;-29900;-75800;1
291740;-30000;-75700;1
291830;-30000;-75600;1
292010;-30000;-75500;1
292100;-30000;-75400;1
292190;-30000;-75300;1
292280;-30100;-75200;1
292370;-30100;-75100;1
292460;-30100;-75000;1
292650;-30100;-74900;1
292740;-30200;-74700;1
292920;-30200;-74700;1
293100;-30300;-74500;1
293190;-30300;-74300;1
293290;-30300;-74200;1
293380;-30400;-74100;1
293560;-30400;-74000;1
293650;-30400;-73900;1
293830;-30500;-73800;1
293930;-30500;-73600;1
294110;-30600;-73500;1
294290;-30600;-73400;1
294380;-30700;-73200;1
294570;-30700;-73100;1
294660;-30800;-72900;1
294850;-30800;-72800;1
294940;-30900;-72700;1
295120;-30900;-72600;1
295210;-31000;-72400;1
295400;-31100;-72300;1
295490;-31100;-72200;1
295590;-31200;-72100;1
295680;-31200;-72000;1
295770;-31300;-71900;1
295960;-31300;-71800;1
296050;-31400;-71700;1
296240;-31400;-71600;1
296330;-31500;-71400;1
296420;-31500;-71300;1
296610;-31600;-71200;1
296700;-31700;-71100;1
296890;-31700;-71000;1
297080;-31800;-70800;1
297170;-31900;-70700;1
297270;-31900;-70600;1
297460;-32000;-70500;1
297550;-32000;-70300;1
297740;-32100;-70200;1
297840;-32200;-70100;1
298030;-32200;-70000;1
298120;-32300;-69800;1
298310;-32400;-69700;1
298500;-32500;-69600;1
298600;-32600;-69400;1
298790;-32600;-69300;1
298880;-32700;-69200;1
298980;-32700;-69100;1
299170;-32800;-69000;1
299360;-32900;-68800;1
299460;-33000;-68700;1
299560;-33000;-68600;1
299650;-33100;-68500;1
299850;-33100;-68400;1
299940;-33200;-68300;1
300040;-33300;-68200;1
300140;-33300;-68100;1
300330;-33400;-68000;1
300520;-33500;-67800;1
300620;-33600;-67700;1
300720;-33700;-67600;1
300820;-33700;-67500;1
300910;-33800;-67400;1
301110;-33800;-67400;1
301300;-33900;-67200;1
301400;-34000;-67000;1
301600;-34100;-67000;1
301690;-34200;-66800;1
301890;-34200;-66700;1
301990;-34400;-66600;1
302190;-34400;-66500;1
302280;-34500;-66300;1
302480;-34600;-66200;1
302580;-34700;-66100;1
302780;-34800;-66000;1
302980;-34900;-65800;1
303070;-35000;-65700;1
303170;-35100;-65600;1
303270;-35100;-65500;1
303470;-35200;-65400;1
303570;-35300;-65300;1
303770;-35300;-65200;1
303970;-35500;-65000;1
304070;-35600;-64900;1
304270;-35700;-64800;1
304370;-35800;-64700;1
304570;-35800;-64600;1
304770;-36000;-64400;1
304870;-36100;-64300;1
304970;-36100;-64200;1
305170;-36200;-64100;1
305370;-36300;-63900;1
305480;-36500;-63800;1
305680;-36500;-63700;1
305880;-36600;-63600;1
305980;-36800;-63400;1
306180;-36800;-63300;1
306380;-37000;-63200;1
306480;-37100;-63000;1
306690;-37200;-62900;1
306790;-37300;-62800;1
306890;-37300;-62700;1
306990;-37400;-62600;1
307190;-37500;-62500;1
307290;-37600;-62400;1
307500;-37700;-62300;1
307700;-37800;-62100;1
307800;-37900;-62000;1
308010;-38000;-61900;1
308110;-38100;-61800;1
308310;-38200;-61700;1
308410;-38300;-61500;1
308620;-38400;-61400;1
308720;-38500;-61300;1
308930;-38600;-61200;1
309030;-38700;-61100;1
309230;-38800;-61000;1
309330;-38900;-60800;1
309540;-39000;-60700;1
309640;-39100;-60600;1
309850;-39200;-60500;1
310050;-39300;-60400;1
310160;-39500;-60200;1
310360;-39500;-60100;1
310460;-39700;-60000;1
310570;-39700;-59900;1
310670;-39800;-59800;1
310770;-39800;-59700;1
310980;-39900;-59600;1
311080;-40000;-59500;1
311290;-40100;-59400;1
311500;-40200;-59200;1
311600;-40400;-59100;1
311810;-40400;-59000;1
311910;-40600;-58900;1
312120;-40600;-58800;1
312220;-40800;-58600;1
312430;-40800;-58500;1
312530;-41000;-58400;1
312740;-41000;-58300;1
312840;-41200;-58100;1
313050;-41200;-58100;1
313250;-41400;-57900;1
313360;-41500;-57700;1
313460;-41600;-57700;1
313670;-41600;-57600;1
313870;-41800;-57400;1
313980;-41900;-57300;1
314180;-42000;-57200;1
314290;-42100;-57000;1
314390;-42200;-56900;1
314490;-42200;-56900;1
314590;-42300;-56800;1
314800;-42400;-56700;1
314900;-42500;-56500;1
315110;-42500;-56500;1
315210;-42700;-56300;1
315310;-42700;-56200;1
315420;-42800;-56100;1
315520;-42900;-56100;1
315720;-42900;-56000;1
315830;-43100;-55800;1
315930;-43100;-55700;1
316130;-43200;-55700;1
316340;-43300;-55500;1
316440;-43400;-55300;1
316650;-43500;-55300;1
316750;-43600;-55100;1
316950;-43700;-55000;1
317160;-43800;-54900;1
317260;-44000;-54700;1
317460;-44000;-54600;1
317570;-44100;-54500;1
317770;-44200;-54400;1
317870;-44300;-54200;1
318080;-44400;-54100;1
318180;-44500;-54000;1
318380;-44600;-53900;1
318480;-44700;-53700;1
318690;-44800;-53600;1
318790;-44900;-53500;1
318990;-44900;-53400;1
319090;-45100;-53200;1
319290;-45100;-53200;1
319380;-45200;-53000;1
319580;-45300;-52900;1
319680;-45400;-52800;1
319870;-45500;-52700;1
319960;-45600;-52500;1
320150;-45600;-52500;1
320240;-45800;-52300;1
320330;-45800;-52200;1
320430;-45900;-52200;1
320520;-45900;-52100;1
320690;-46000;-52000;1
320780;-46100;-51900;1
320950;-46100;-51800;1
321040;-46200;-51700;1
321210;-46300;-51600;1
321380;-46400;-51400;1
321460;-46500;-51300;1
321620;-46500;-51200;1
321700;-46600;-51100;1
321860;-46700;-51000;1
321940;-46700;-50900;1
322020;-46800;-50800;1
322100;-46800;-50800;1
322260;-46900;-50700;1
322330;-47000;-50600;1
322410;-47000;-50500;1
322490;-47100;-50500;1
322560;-47100;-50400;1
322710;-47100;-50300;1
322780;-47200;-50200;1
322930;-47300;-50200;1
323000;-47400;-50000;1
323080;-47400;-50000;1
323220;-47400;-49900;1
323290;-47500;-49800;1
323430;-47600;-49700;1
323500;-47600;-49600;1
323640;-47700;-49600;1
323710;-47800;-49400;1
323840;-47800;-49400;1
323910;-47900;-49300;1
324040;-47900;-49200;1
324110;-48000;-49100;1
324240;-48000;-49100;1
324300;-48100;-48900;1
324430;-48100;-48900;1
324500;-48200;-48800;1
324560;-48200;-48700;1
324680;-48300;-48700;1
324750;-48300;-48600;1
324870;-48400;-48500;1
324930;-48400;-48400;1
324990;-48500;-48400;1
325050;-48500;-48300;1
325110;-48500;-48300;1
325230;-48600;-48200;1
325290;-48600;-48100;1
325410;-48700;-48100;1
325470;-48700;-48000;1
325580;-48800;-47900;1
325700;-48800;-47800;1
325760;-48900;-47700;1
325810;-48900;-47700;1
325870;-48900;-47600;1
325980;-49000;-47600;1
326040;-49000;-47500;1
326090;-49000;-47400;1
326150;-49100;-47400;1
326200;-49100;-47300;1
326310;-49100;-47300;1
326370;-49200;-47200;1
326480;-49200;-47100;1
326530;-49300;-47000;1
326590;-49300;-47000;1
326640;-49300;-46900;1
326690;-49300;-46900;1
326800;-49400;-46800;1
326850;-49400;-46700;1
326960;-49400;-46700;1
327070;-49500;-46600;1
327120;-49500;-46500;1
327170;-49500;-46400;1
327220;-49500;-46400;1
327330;-49600;-46400;1
327380;-49600;-46300;1
327480;-49600;-46200;1
327540;-49700;-46100;1
327590;-49700;-46100;1
327640;-49700;-46000;1
327690;-49700;-46000;1
327740;-49700;-45900;1
327800;-49700;-45900;1
327850;-49800;-45800;1
327900;-49800;-45800;1
328000;-49800;-45700;1
328110;-49800;-45600;1
328160;-49800;-45500;1
328260;-49800;-45500;1
328370;-49900;-45400;1
328420;-49900;-45300;1
328520;-49900;-45200;1
328570;-49900;-45100;1
328670;-49900;-45100;1
328780;-49900;-45000;1
328830;-49900;-44900;1
328930;-50000;-44800;1
328980;-50000;-44700;1
329080;-50000;-44700;1
329130;-50000;-44600;1
329230;-50000;-44600;1
329270;-50000;-44500;1
329370;-50000;-44400;1
329410;-50000;-44300;1
329510;-50000;-44300;1
329550;-50000;-44200;1
329640;-50000;-44200;1
329730;-50000;-44100;1
329780;-50000;-44000;1
329820;-49900;-44000;1
329860;-49900;-43900;1
329910;-49900;-43900;1
329950;-49900;-43800;1
330040;-49900;-43800;1
330090;-49900;-43700;1
330170;-49900;-43700;1
330260;-49900;-43600;1
330310;-49800;-43500;1
330350;-49800;-43500;1
330400;-49800;-43400;1
330490;-49800;-43400;1
330530;-49800;-43300;1
330580;-49800;-43300;1
330620;-49800;-43300;1
330670;-49700;-43200;1
330710;-49700;-43200;1
330750;-49700;-43100;1
330800;-49700;-43100;1
330840;-49700;-43100;1
330880;-49700;-43000;1
330930;-49600;-43000;1
330970;-49600;-43000;1
331010;-49600;-42900;1
331050;-49600;-42900;1
331100;-49600;-42900;1
331180;-49500;-42800;1
331270;-49500;-42800;1
331310;-49500;-42700;1
331400;-49400;-42600;1
331440;-49400;-42600;1
331480;-49400;-42500;1
331530;-49400;-42500;1
331570;-49300;-42500;1
331660;-49300;-42400;1
331700;-49300;-42400;1
331790;-49200;-42300;1
331840;-49200;-42300;1
331880;-49200;-42300;1
331920;-49100;-42200;1
332010;-49100;-42200;1
332050;-49100;-42100;1
332130;-49000;-42100;1
332180;-49000;-42000;1
332260;-48900;-42000;1
332310;-48900;-41900;1
332390;-48900;-41900;1
332430;-48800;-41800;1
332520;-48800;-41800;1
332560;-48700;-41800;1
332650;-48700;-41700;1
332690;-48600;-41700;1
332740;-48600;-41600;1
332830;-48600;-41600;1
332870;-48500;-41500;1
332960;-48500;-41500;1
333000;-48400;-41500;1
333050;-48400;-41400;1
333140;-48300;-41400;1
333180;-48300;-41300;1
333270;-48200;-41300;1
333320;-48200;-41200;1
333370;-48100;-41200;1
333460;-48100;-41200;1
333500;-48000;-41100;1
333600;-48000;-41100;1
333640;-47900;-41000;1
333690;-47900;-41000;1
333780;-47800;-41000;1
333830;-47800;-40900;1
333930;-47700;-40900;1
333970;-47700;-40800;1
334020;-47600;-40800;1
334070;-47600;-40800;1
334120;-47500;-40700;1
334170;-47500;-40700;1
334220;-47500;-40700;1
334320;-47400;-40700;1
334370;-47300;-40600;1
334470;-47300;-40600;1
334520;-47200;-40500;1
334620;-47200;-40500;1
334670;-47100;-40400;1
334770;-47100;-40400;1
334830;-47000;-40300;1
334930;-46900;-40300;1
334980;-46900;-40200;1
335090;-46800;-40200;1
335140;-46700;-40100;1
335250;-46700;-40100;1
335300;-46600;-40000;1
335410;-46600;-40000;1
335470;-46500;-39900;1
335580;-46400;-39900;1
335630;-46300;-39800;1
335690;-46300;-39800;1
335800;-46200;-39800;1
335860;-46100;-39700;1
335970;-46100;-39700;1
336030;-46000;-39600;1
336140;-46000;-39600;1
336200;-45900;-39500;1
336320;-45800;-39500;1
336380;-45700;-39400;1
336490;-45700;-39400;1
336550;-45600;-39300;1
336670;-45500;-39300;1
336730;-45400;-39200;1
336850;-45400;-39200;1
336910;-45300;-39100;1
337030;-45300;-39100;1
337090;-45200;-39000;1
337150;-45100;-39000;1
337270;-45100;-38900;1
337330;-45000;-38900;1
337460;-44900;-38800;1
337520;-44800;-38800;1
337580;-44800;-38700;1
337700;-44700;-38700;1
337770;-44600;-38600;1
337830;-44600;-38600;1
337960;-44500;-38500;1
338020;-44400;-38500;1
338150;-44300;-38400;1
338210;-44200;-38400;1
338340;-44200;-38300;1
338400;-44100;-38200;1
338470;-44000;-38200;1
338600;-44000;-38200;1
338660;-43900;-38100;1
338730;-43800;-38100;1
338800;-43800;-38000;1
338860;-43700;-38000;1
338990;-43700;-37900;1
339060;-43500;-37900;1
339130;-43500;-37800;1
339260;-43400;-37800;1
339400;-43300;-37700;1
339460;-43200;-37600;1
339530;-43200;-37600;1
339670;-43100;-37600;1
339730;-43000;-37500;1
339800;-42900;-37400;1
339940;-42900;-37400;1
340000;-42800;-37300;1
340070;-42700;-37300;1
340140;-42700;-37300;1
340270;-42600;-37200;1
340340;-42500;-37100;1
340470;-42400;-37100;1
340540;-42300;-37000;1
340600;-42300;-37000;1
340730;-42200;-36900;1
340800;-42100;-36900;1
340930;-42100;-36800;1
340990;-42000;-36800;1
341120;-41900;-36700;1
341180;-41800;-36700;1
341300;-41800;-36600;1
341360;-41700;-36500;1
341420;-41600;-36500;1
341550;-41600;-36500;1
341610;-41500;-36400;1
341730;-41400;-36400;1
341790;-41300;-36300;1
341900;-41300;-36300;1
341960;-41200;-36200;1
342080;-41100;-36200;1
342140;-41000;-36100;1
342250;-41000;-36100;1
342310;-40900;-36000;1
342420;-40800;-36000;1
342480;-40700;-35900;1
342590;-40700;-35900;1
342650;-40600;-35800;1
342710;-40500;-35800;1
342820;-40500;-35700;1
342870;-40400;-35700;1
342980;-40400;-35600;1
343030;-40300;-35600;1
343090;-40200;-35600;1
343200;-40200;-35500;1
343250;-40100;-35500;1
343300;-40100;-35400;1
343410;-40000;-35400;1
343460;-39900;-35300;1
343560;-39900;-35300;1
343620;-39800;-35200;1
343670;-39800;-35200;1
343770;-39700;-35200;1
343820;-39600;-35100;1
343870;-39600;-35100;1
343920;-39600;-35100;1
344030;-39500;-35000;1
344080;-39400;-35000;1
344130;-39400;-34900;1
344230;-39400;-34900;1
344280;-39300;-34800;1
344330;-39200;-34800;1
344380;-39200;-34800;1
344480;-39200;-34700;1
344530;-39100;-34700;1
344590;-39000;-34700;1
344640;-39000;-34600;1
344690;-39000;-34600;1
344740;-38900;-34600;1
344790;-38900;-34500;1
344840;-38800;-34500;1
344940;-38800;-34500;1
344990;-38700;-34400;1
345040;-38700;-34400;1
345090;-38600;-34300;1
345200;-38600;-34300;1
345250;-38500;-34200;1
345300;-38500;-34200;1
345350;-38500;-34100;1
345450;-38400;-34100;1
345500;-38300;-34000;1
345550;-38300;-34000;1
345660;-38300;-34000;1
345710;-38200;-33900;1
345810;-38200;-33900;1
345860;-38100;-33800;1
345910;-38100;-33800;1
345960;-38000;-33700;1
346010;-38000;-33700;1
346120;-37900;-33600;1
346170;-37900;-33600;1
346270;-37800;-33500;1
346320;-37800;-33400;1
346430;-37700;-33400;1
346480;-37700;-33300;1
346530;-37600;-33300;1
346640;-37600;-33200;1
346740;-37500;-33200;1
346790;-37500;-33100;1
346850;-37400;-33000;1
346950;-37400;-33000;1
347010;-37300;-32900;1
347110;-37300;-32900;1
347160;-37300;-32800;1
347220;-37200;-32700;1
347320;-37200;-32700;1
347380;-37100;-32600;1
347430;-37100;-32600;1
347540;-37100;-32500;1
347640;-37000;-32400;1
347700;-37000;-32300;1
347750;-36900;-32300;1
347860;-36900;-32300;1
347910;-36800;-32200;1
348020;-36800;-32100;1
348080;-36800;-32000;1
348130;-36700;-32000;1
348240;-36700;-31900;1
348300;-36700;-31800;1
348410;-36600;-31800;1
348460;-36600;-31700;1
348520;-36600;-31600;1
348630;-36500;-31600;1
348740;-36500;-31500;1
348800;-36400;-31400;1
348850;-36400;-31300;1
348960;-36400;-31300;1
349020;-36400;-31200;1
349130;-36300;-31100;1
349190;-36300;-31000;1
349300;-36300;-31000;1
349360;-36200;-30900;1
349470;-36200;-30800;1
349530;-36200;-30700;1
349650;-36200;-30700;1
349700;-36100;-30500;1
349820;-36100;-30500;1
349880;-36100;-30400;1
349940;-36100;-30300;1
350050;-36000;-30300;1
350110;-36000;-30200;1
350230;-36000;-30100;1
350280;-36000;-30000;1
350340;-36000;-29900;1
350460;-35900;-29900;1
350520;-35900;-29800;1
350580;-35900;-29700;1
350640;-35900;-29700;1
350700;-35900;-29600;1
350760;-35900;-29500;1
350870;-35900;-29500;1
350930;-35800;-29400;1
350990;-35800;-29300;1
351110;-35800;-29200;1
351180;-35800;-29100;1
351240;-35800;-29100;1
351360;-35800;-29000;1
351420;-35800;-28900;1
351480;-35800;-28800;1
351600;-35800;-28800;1
351660;-35700;-28700;1
351730;-35700;-28600;1
351850;-35700;-28500;1
351910;-35700;-28400;1
351970;-35700;-28300;1
352100;-35700;-28300;1
352160;-35700;-28200;1
352280;-35700;-28100;1
352350;-35700;-28000;1
352410;-35700;-27900;1
352540;-35700;-27900;1
352600;-35700;-27700;1
352730;-35700;-27700;1
352790;-35700;-27500;1
352850;-35700;-27500;1
352980;-35700;-27400;1
353050;-35600;-27300;1
353170;-35600;-27200;1
353240;-35600;-27100;1
353370;-35600;-27000;1
353430;-35600;-26900;1
353560;-35600;-26800;1
353630;-35600;-26700;1
353760;-35600;-26600;1
353830;-35600;-26500;1
353960;-35600;-26400;1
354030;-35600;-26300;1
354090;-35600;-26200;1
354230;-35600;-26200;1
354300;-35600;-26000;1
354430;-35600;-26000;1
354500;-35600;-25800;1
354630;-35600;-25800;1
354700;-35600;-25600;1
354770;-35600;-25600;1
354910;-35600;-25500;1
354980;-35600;-25400;1
355120;-35600;-25300;1
355190;-35600;-25200;1
355330;-35600;-25100;1
355400;-35600;-24900;1
355470;-35600;-24900;1
355610;-35600;-24800;1
355680;-35600;-24700;1
355820;-35600;-24600;1
355890;-35600;-24400;1
356030;-35600;-24400;1
356100;-35600;-24200;1
356250;-35600;-24200;1
356320;-35600;-24000;1
356470;-35600;-23900;1
356540;-35600;-23800;1
356680;-35600;-23700;1
356760;-35600;-23600;1
356900;-35600;-23500;1
356980;-35600;-23400;1
357130;-35600;-23300;1
357200;-35600;-23100;1
357270;-35600;-23100;1
357420;-35600;-23000;1
357500;-35600;-22800;1
357570;-35600;-22800;1
357720;-35600;-22700;1
357800;-35600;-22500;1
357950;-35600;-22500;1
358030;-35600;-22300;1
358100;-35600;-22200;1
358250;-35600;-22200;1
358410;-35600;-22000;1
358480;-35600;-21900;1
358640;-35600;-21800;1
358710;-35600;-21600;1
358790;-35600;-21600;1
358940;-35600;-21500;1
359100;-35600;-21300;1
359180;-35600;-21200;1
359330;-35600;-21100;1
359410;-35600;-20900;1
359560;-35600;-20900;1
359640;-35600;-20700;1
359720;-35600;-20600;1
359880;-35600;-20500;1
359950;-35600;-20400;1
360110;-35600;-20300;1
360190;-35600;-20200;1
360340;-35600;-20100;1
360420;-35600;-19900;1
360580;-35600;-19800;1
360660;-35600;-19700;1
360740;-35600;-19600;1
360890;-35600;-19500;1
360970;-35600;-19400;1
361130;-35600;-19300;1
361280;-35600;-19100;1
361360;-35600;-19000;1
361440;-35600;-18900;1
361600;-35600;-18800;1
361680;-35600;-18700;1
361830;-35500;-18600;1
361990;-35500;-18400;1
362070;-35500;-18300;1
362150;-35500;-18200;1
362300;-35500;-18100;1
362380;-35500;-18000;1
362540;-35500;-17900;1
362690;-35500;-17700;1
362770;-35400;-17600;1
362920;-35400;-17500;1
363000;-35400;-17400;1
363160;-35400;-17300;1
363230;-35400;-17100;1
363390;-35400;-17100;1
363460;-35300;-16900;1
363540;-35300;-16800;1
363690;-35300;-16800;1
363770;-35300;-16600;1
363920;-35300;-16500;1
364000;-35200;-16400;1
364150;-35200;-16300;1
364230;-35200;-16200;1
364380;-35200;-16100;1
364460;-35100;-15900;1
364530;-35100;-15900;1
364680;-35100;-15800;1
364760;-35100;-15700;1
364910;-35000;-15600;1
364990;-35000;-15400;1
365140;-35000;-15400;1
365220;-34900;-15200;1
365370;-34900;-15100;1
365450;-34900;-15000;1
365610;-34800;-14900;1
365760;-34800;-14800;1
365840;-34700;-14600;1
365990;-34700;-14600;1
366070;-34700;-14400;1
366220;-34600;-14400;1
366380;-34600;-14200;1
366450;-34500;-14100;1
366610;-34500;-14000;1
366690;-34400;-13900;1
366840;-34400;-13800;1
367000;-34400;-13600;1
367080;-34300;-13500;1
367230;-34300;-13400;1
367310;-34200;-13300;1
367460;-34200;-13200;1
367620;-34100;-13100;1
367700;-34000;-12900;1
367780;-34000;-12900;1
367860;-34000;-12800;1
368010;-33900;-12700;1
368090;-33800;-12600;1
368170;-33800;-12500;1
368250;-33800;-12500;1
368400;-33700;-12400;1
368560;-33700;-12300;1
368640;-33600;-12100;1
368790;-33500;-12100;1
368870;-33500;-11900;1
368950;-33400;-11900;1
369100;-33400;-11800;1
369180;-33300;-11700;1
369340;-33200;-11600;1
369500;-33200;-11500;1
369570;-33100;-11400;1
369650;-33000;-11300;1
369730;-33000;-11200;1
369810;-32900;-11200;1
369890;-32900;-11100;1
370040;-32800;-11000;1
370200;-32700;-10900;1
370280;-32700;-10800;1
370360;-32600;-10700;1
370440;-32600;-10700;1
370520;-32500;-10600;1
370590;-32500;-10600;1
370670;-32400;-10500;1
370750;-32400;-10400;1
370910;-32300;-10400;1
370990;-32200;-10300;1
371070;-32200;-10200;1
371140;-32100;-10200;1
371220;-32000;-10100;1
371300;-32000;-10000;1
371380;-31900;-10000;1
371460;-31900;-9900;1
371620;-31800;-9900;1
371690;-31700;-9800;1
371850;-31700;-9700;1
371930;-31600;-9600;1
372090;-31500;-9500;1
372250;-31400;-9400;1
372320;-31300;-9300;1
372480;-31200;-9300;1
372640;-31100;-9200;1
372720;-31000;-9100;1
372880;-30900;-9000;1
373040;-30800;-8900;1
373190;-30700;-8800;1
373270;-30600;-8700;1
373430;-30500;-8700;1
373590;-30400;-8600;1
373670;-30300;-8500;1
373750;-30200;-8400;1
373830;-30100;-8400;1
373990;-30100;-8300;1
374070;-30000;-8300;1
374150;-29900;-8200;1
374230;-29800;-8200;1
374310;-29800;-8100;1
374470;-29700;-8100;1
374620;-29600;-8000;1
374700;-29400;-7900;1
374860;-29400;-7800;1
374940;-29200;-7800;1
375100;-29200;-7700;1
375180;-29000;-7600;1
375340;-29000;-7600;1
375500;-28800;-7500;1
375580;-28700;-7400;1
375740;-28600;-7400;1
375820;-28500;-7300;1
375980;-28400;-7300;1
376060;-28300;-7200;1
376220;-28200;-7200;1
376380;-28100;-7100;1
376460;-28000;-7000;1
376620;-27900;-7000;1
376780;-27700;-6900;1
376940;-27600;-6800;1
377100;-27500;-6800;1
377180;-27300;-6700;1
377260;-27200;-6700;1
377420;-27200;-6600;1
377500;-27000;-6600;1
377580;-27000;-6500;1
377660;-26900;-6500;1
377740;-26800;-6500;1
377820;-26700;-6400;1
377900;-26700;-6400;1
377990;-26600;-6400;1
378070;-26500;-6400;1
378150;-26400;-6300;1
378230;-26400;-6300;1
378310;-26300;-6300;1
378390;-26200;-6300;1
378470;-26100;-6200;1
378550;-26100;-6200;1
378630;-26000;-6200;1
378710;-25900;-6200;1
378790;-25800;-6100;1
378870;-25800;-6100;1
378950;-25700;-6100;1
379030;-25600;-6100;1
379110;-25500;-6000;1
379190;-25500;-6000;1
379270;-25400;-6000;1
379350;-25300;-6000;1
379430;-25200;-6000;1
379510;-25100;-5900;1
379590;-25100;-5900;1
379670;-25000;-5900;1
379750;-24900;-5900;1
379830;-24800;-5900;1
379910;-24800;-5800;1
379990;-24700;-5800;1
380070;-24600;-5800;1
380150;-24500;-5800;1
380230;-24400;-5800;1
380310;-24400;-5800;1
380390;-24300;-5700;1
380480;-24200;-5700;1
380560;-24100;-5700;1
380640;-24100;-5700;1
380720;-24000;-5700;1
380800;-23900;-5700;1
380880;-23800;-5700;1
380960;-23700;-5600;1
381040;-23700;-5600;1
381120;-23600;-5600;1
381200;-23500;-5600;1
381280;-23400;-5600;1
381360;-23300;-5600;1
381440;-23300;-5600;1
381520;-23200;-5600;1
381600;-23100;-5600;1
381680;-23000;-5600;1
381770;-22900;-5500;1
381850;-22900;-5500;1
381930;-22800;-5500;1
382010;-22700;-5500;1
382090;-22600;-5500;1
382170;-22500;-5500;1
382250;-22500;-5500;1
382330;-22400;-5500;1
382410;-22300;-5500;1
382490;-22200;-5500;1
382570;-22100;-5500;1
382650;-22000;-5500;1
382730;-22000;-5500;1
382900;-21900;-5500;1
382980;-21700;-5500;1
383060;-21600;-5500;1
383140;-21600;-5500;1
383220;-21500;-5500;1
383300;-21400;-5500;1
383380;-21300;-5400;1
383470;-21200;-5400;1
383550;-21200;-5400;1
383630;-21100;-5400;1
383710;-21000;-5400;1
383790;-20900;-5400;1
383870;-20800;-5400;1
384040;-20700;-5400;1
384120;-20600;-5400;1
384200;-20500;-5400;1
384370;-20400;-5400;1
384450;-20300;-5400;1
384530;-20200;-5400;1
384610;-20100;-5400;1
384700;-20000;-5400;1
384860;-19900;-5400;1
385030;-19800;-5400;1
385190;-19600;-5400;1
385270;-19400;-5400;1
385350;-19300;-5400;1
385440;-19300;-5400;1
385520;-19200;-5400;1
385680;-19100;-5400;1
385840;-18900;-5400;2
386000;-18800;-5400;2
386080;-18600;-5400;2
386160;-18500;-5400;2
386240;-18500;-5400;2
386310;-18400;-5400;2
386390;-18300;-5400;2
386540;-18200;-5400;2
386620;-18100;-5400;2
386690;-18000;-5400;2
386770;-17900;-5400;2
386920;-17900;-5400;2
386990;-17700;-5400;2
387060;-17600;-5400;2
387200;-17600;-5400;2
387270;-17400;-5400;2
387340;-17300;-5400;2
387410;-17300;-5400;2
387480;-17200;-5400;2
387550;-17100;-5400;2
387610;-17100;-5400;2
387750;-17000;-5400;2
387880;-16900;-5400;2
387940;-16700;-5400;2
388010;-16700;-5400;2
388070;-16600;-5400;2
388130;-16600;-5400;2
388200;-16500;-5400;2
388260;-16400;-5400;2
388320;-16400;-5400;2
388380;-16300;-5400;2
388440;-16200;-5400;2
388500;-16200;-5400;2
388560;-16100;-5400;2
388620;-16100;-5400;2
388680;-16000;-5400;2
388790;-15900;-5400;2
388850;-15800;-5400;2
388910;-15800;-5400;2
388960;-15700;-5400;2
389020;-15700;-5400;2
389070;-15600;-5400;2
389130;-15500;-5400;2
389190;-15500;-5400;2
389240;-15400;-5400;2
389290;-15400;-5400;2
389350;-15300;-5400;2
389400;-15300;-5400;2
389450;-15200;-5400;2
389510;-15200;-5400;2
389560;-15100;-5400;2
389610;-15100;-5400;2
389660;-15000;-5400;2
389760;-15000;-5400;2
389810;-14900;-5400;2
389910;-14800;-5400;2
390010;-14700;-5400;2
390110;-14600;-5400;2
390160;-14500;-5400;2
390250;-14500;-5400;2
390350;-14400;-5400;2
390400;-14300;-5400;2
390490;-14200;-5400;2
390540;-14100;-5400;2
390630;-14100;-5400;2
390720;-14000;-5500;2
390770;-13900;-5500;2
390820;-13900;-5500;2
390860;-13800;-5500;2
390910;-13800;-5500;2
391000;-13700;-5500;2
391090;-13600;-5500;2
391140;-13500;-5500;2
391230;-13500;-5500;2
391330;-13400;-5500;2
391370;-13300;-5500;2
391470;-13200;-5500;2
391560;-13200;-5500;2
391610;-13100;-5500;2
391650;-13000;-5500;2
391750;-13000;-5500;2
391840;-12900;-5500;2
391890;-12800;-5600;2
391930;-12700;-5600;2
391980;-12700;-5600;2
392030;-12600;-5600;2
392080;-12600;-5600;2
392120;-12600;-5600;2
392170;-12500;-5600;2
392220;-12500;-5600;2
392270;-12400;-5600;2
392360;-12400;-5600;2
392410;-12300;-5700;2
392460;-12200;-5700;2
392500;-12200;-5700;2
392550;-12100;-5700;2
392600;-12100;-5700;2
392650;-12000;-5700;2
392700;-12000;-5700;2
392740;-11900;-5700;2
392790;-11900;-5700;2
392840;-11900;-5800;2
392890;-11800;-5800;2
392940;-11800;-5800;2
392990;-11700;-5800;2
393030;-11700;-5800;2
393080;-11600;-5800;2
393130;-11600;-5800;2
393180;-11500;-5900;2
393230;-11500;-5900;2
393280;-11400;-5900;2
393380;-11400;-5900;2
393480;-11300;-5900;2
393530;-11200;-6000;2
393580;-11200;-6000;2
393630;-11100;-6000;2
393680;-11100;-6000;2
393730;-11000;-6000;2
393780;-11000;-6100;2
393830;-10900;-6100;2
393930;-10900;-6100;2
394030;-10800;-6100;2
394140;-10700;-6200;2
394190;-10600;-6200;2
394240;-10600;-6200;2
394290;-10500;-6200;2
394390;-10500;-6300;2
394500;-10400;-6300;2
394550;-10300;-6400;2
394600;-10200;-6400;2
394650;-10200;-6400;2
394760;-10100;-6400;2
394860;-10100;-6500;2
394920;-10000;-6500;2
395020;-9900;-6500;2
395130;-9800;-6600;2
395180;-9700;-6600;2
395230;-9700;-6700;2
395280;-9600;-6700;2
395390;-9600;-6700;2
395440;-9500;-6800;2
395550;-9500;-6800;2
395650;-9400;-6800;2
395710;-9300;-6900;2
395760;-9200;-6900;2
395810;-9200;-6900;2
395920;-9100;-7000;2
395970;-9000;-7000;2
396070;-9000;-7000;2
396130;-8900;-7100;2
396230;-8900;-7100;2
396330;-8800;-7200;2
396380;-8700;-7200;2
396480;-8600;-7200;2
396540;-8500;-7300;2
396590;-8500;-7300;2
396640;-8500;-7300;2
396740;-8400;-7300;2
396790;-8300;-7400;2
396890;-8300;-7400;2
396980;-8200;-7500;2
397030;-8100;-7500;2
397080;-8100;-7500;2
397130;-8000;-7500;2
397230;-8000;-7600;2
397280;-7900;-7600;2
397370;-7800;-7600;2
397470;-7700;-7700;2
397560;-7700;-7700;2
397660;-7600;-7700;2
397750;-7500;-7800;2
397840;-7400;-7800;2
397890;-7300;-7900;2
397930;-7300;-7900;2
397980;-7200;-7900;2
398020;-7200;-7900;2
398070;-7100;-7900;2
398110;-7100;-7900;2
398160;-7100;-8000;2
398200;-7000;-8000;2
398240;-7000;-8000;2
398290;-6900;-8000;2
398330;-6900;-8000;2
398370;-6900;-8000;2
398420;-6800;-8000;2
398500;-6800;-8100;2
398590;-6700;-8100;2
398680;-6600;-8100;2
398760;-6500;-8100;2
398800;-6400;-8200;2
398850;-6400;-8200;2
398890;-6400;-8200;2
398930;-6300;-8200;2
398970;-6300;-8200;2
399060;-6200;-8200;2
399150;-6200;-8200;2
399190;-6100;-8200;2
399230;-6000;-8200;2
399280;-6000;-8200;2
399320;-6000;-8200;2
399360;-5900;-8300;2
399410;-5900;-8300;2
399460;-5900;-8300;2
399560;-5800;-8300;2
399660;-5700;-8300;2
399710;-5700;-8300;2
399760;-5600;-8300;2
399800;-5600;-8300;2
399850;-5500;-8300;2
399890;-5500;-8300;2
399930;-5500;-8300;2
399980;-5400;-8300;2
400020;-5400;-8300;2
400060;-5400;-8300;2
400140;-5300;-8300;2
400180;-5300;-8300;2
400220;-5200;-8200;2
400280;-5200;-8200;2
400310;-5100;-8200;2
400370;-5100;-8200;2
400400;-5000;-8200;2
400430;-5000;-8200;2
400460;-5000;-8200;2
400490;-4900;-8200;2
400510;-4900;-8200;2
400540;-4900;-8200;2
400570;-4900;-8200;2
400620;-4800;-8100;2
400640;-4800;-8100;2
400670;-4700;-8100;2
400690;-4700;-8100;2
400740;-4700;-8100;2
400780;-4600;-8100;2
400810;-4600;-8000;2
400830;-4600;-8000;2
400850;-4500;-8000;2
400900;-4500;-8000;2
400940;-4500;-8000;2
400970;-4400;-7900;2
400990;-4400;-7900;2
401010;-4400;-7900;2
401070;-4400;-7900;2
401090;-4300;-7900;2
401140;-4300;-7800;2
401170;-4300;-7800;2
401190;-4300;-7800;2
401220;-4200;-7800;2
401250;-4200;-7800;2
401270;-4200;-7700;2
401300;-4200;-7700;2
401330;-4200;-7700;2
401350;-4200;-7700;2
401400;-4100;-7700;2
401430;-4100;-7600;2
401480;-4100;-7600;2
401540;-4100;-7500;2
401570;-4000;-7500;2
401590;-4000;-7500;2
401620;-4000;-7500;2
401680;-4000;-7400;2
401730;-3900;-7400;2
401760;-3900;-7300;2
401790;-3900;-7300;2
401810;-3900;-7300;2
401840;-3900;-7300;2
401870;-3900;-7200;2
401900;-3800;-7200;2
401960;-3800;-7200;2
401980;-3800;-7200;2
402040;-3800;-7100;2
402100;-3800;-7100;2
402130;-3700;-7000;2
402190;-3700;-7000;2
402220;-3700;-6900;2
402280;-3700;-6900;2
402310;-3600;-6900;2
402370;-3600;-6800;2
402430;-3600;-6800;2
402460;-3600;-6700;2
402530;-3600;-6700;2
402560;-3500;-6600;2
402620;-3500;-6600;2
402690;-3500;-6600;2
402720;-3400;-6500;2
402750;-3400;-6500;2
402820;-3400;-6500;2
402850;-3400;-6400;2
402920;-3400;-6400;2
402960;-3300;-6300;2
402990;-3300;-6300;2
403030;-3300;-6200;2
403060;-3300;-6200;2
403130;-3300;-6200;2
403170;-3200;-6100;2
403240;-3200;-6100;2
403270;-3200;-6000;2
403350;-3200;-6000;2
403380;-3100;-5900;2
403460;-3100;-5900;2
403490;-3100;-5800;2
403570;-3000;-5800;2
403600;-3000;-5700;2
403680;-3000;-5700;2
403720;-3000;-5600;2
403790;-2900;-5600;2
403830;-2900;-5500;2
403910;-2900;-5500;2
403950;-2800;-5400;2
404030;-2800;-5400;2
404070;-2800;-5300;2
404150;-2800;-5300;2
404190;-2700;-5200;2
404270;-2700;-5200;2
404350;-2700;-5100;2
404390;-2600;-5100;2
404470;-2600;-5000;2
404510;-2600;-5000;2
404600;-2500;-4900;2
404680;-2500;-4900;2
404760;-2400;-4800;2
404810;-2400;-4700;2
404850;-2400;-4700;2
404890;-2400;-4600;2
404980;-2300;-4600;2
405020;-2300;-4500;2
405070;-2300;-4500;2
405110;-2300;-4400;2
405160;-2200;-4400;2
405250;-2200;-4400;2
405340;-2200;-4300;2
405380;-2100;-4200;2
405430;-2100;-4200;2
405480;-2100;-4100;2
405520;-2000;-4100;2
405570;-2000;-4000;2
405610;-2000;-4000;2
405660;-2000;-4000;2
405710;-2000;-3900;2
405760;-1900;-3900;2
405850;-1900;-3800;2
405950;-1900;-3800;2
405990;-1800;-3700;2
406040;-1800;-3600;2
406090;-1800;-3600;2
406140;-1700;-3600;2
406190;-1700;-3500;2
406240;-1700;-3500;2
406290;-1700;-3400;2
406390;-1600;-3400;2
406440;-1600;-3300;2
406490;-1600;-3300;2
406540;-1500;-3200;2
406640;-1500;-3200;2
406740;-1500;-3100;2
406790;-1400;-3000;2
406840;-1400;-2900;2
406890;-1400;-2900;2
407000;-1300;-2900;2
407050;-1300;-2800;2
407150;-1300;-2700;2
407260;-1200;-2600;2
407310;-1200;-2500;2
407420;-1100;-2500;2
407530;-1100;-2400;2
407580;-1000;-2300;2
407640;-1000;-2300;2
407690;-1000;-2200;2
407800;-900;-2200;2
407860;-900;-2100;2
407910;-900;-2000;2
407970;-800;-2000;2
408020;-800;-1900;2
408130;-800;-1900;2
408190;-700;-1800;2
408300;-700;-1700;2
408360;-600;-1600;2
408470;-600;-1600;2
408530;-600;-1500;2
408590;-500;-1400;2
408710;-500;-1400;2
408760;-400;-1300;2
408880;-400;-1200;2
408940;-300;-1100;2
409000;-300;-1100;2
409060;-300;-1000;2
409180;-300;-1000;2
409240;-200;-900;2
409300;-200;-800;2
409360;-100;-800;2
409480;-100;-700;2
409540;-100;-600;2
409600;0;-600;2
409660;0;-500;2
409790;0;-500;2
409910;100;-400;2
409970;200;-200;2
410030;200;-200;2
410100;200;-100;2
410220;300;-100;2
410350;300;0;2
410410;400;100;2
410480;400;200;2
410540;400;200;2
410610;500;300;2
410740;500;400;2
410870;600;500;2
410930;600;600;2
411060;700;600;2
411130;700;800;2
411260;800;800;2
411400;800;900;2
411460;900;1000;2
411530;900;1100;2
411600;1000;1200;2
411730;1000;1200;2
411800;1100;1300;2
411940;1100;1400;2
412080;1200;1500;2
412150;1200;1600;2
412210;1300;1700;2
412280;1300;1800;2
412420;1300;1800;2
412490;1400;1900;2
412560;1400;2000;2
412630;1500;2100;2
412700;1500;2100;2
412850;1500;2200;2
412920;1600;2300;2
413060;1600;2400;2
413130;1700;2500;2
413280;1800;2600;2
413350;1800;2700;2
413490;1900;2700;2
413640;1900;2900;2
413710;2000;3000;2
413790;2000;3100;2
413930;2100;3100;2
414010;2100;3300;2
414160;2200;3300;2
414300;2300;3400;2
414380;2300;3600;2
414530;2400;3600;2
414600;2400;3800;2
414750;2500;3800;2
414820;2500;4000;2
414970;2600;4000;2
415110;2700;4200;2
415190;2700;4300;2
415260;2800;4300;2
415400;2800;4400;2
415470;2900;4500;2
415610;2900;4600;2
415680;3000;4700;2
415820;3000;4800;2
415890;3100;4900;2
416020;3100;5000;2
416090;3200;5100;2
416160;3200;5100;2
416220;3200;5200;2
416290;3300;5200;2
416420;3300;5300;2
416480;3400;5400;2
416610;3400;5500;2
416680;3500;5600;2
416800;3500;5600;2
416930;3600;5800;2
416990;3600;5900;2
417110;3600;5900;2
417170;3700;6000;2
417230;3700;6100;2
417290;3800;6100;2
417410;3800;6200;2
417470;3900;6300;2
417590;3900;6300;2
417710;3900;6400;2
417770;4000;6500;2
417880;4000;6600;2
418000;4100;6700;2
418050;4100;6800;2
418160;4200;6800;2
418220;4200;6900;2
418330;4300;7000;2
418380;4300;7100;2
418490;4300;7100;2
418550;4400;7200;2
418650;4400;7300;2
418760;4500;7400;2
418810;4500;7500;2
418860;4500;7500;2
418960;4600;7500;2
419010;4600;7600;2
419110;4600;7700;2
419160;4700;7800;2
419260;4700;7800;2
419310;4800;7900;2
419410;4800;7900;2
419460;4800;8000;2
419550;4900;8100;2
419600;4900;8100;2
419690;4900;8200;2
419780;5000;8300;2
419830;5000;8300;2
419920;5100;8400;2
420010;5100;8500;2
420060;5200;8500;2
420150;5200;8600;2
420240;5200;8600;2
420320;5300;8700;2
420410;5300;8800;2
420500;5400;8900;2
420590;5400;8900;2
420680;5500;9000;2
420730;5500;9100;2
420770;5600;9100;2
420810;5600;9100;2
420860;5600;9200;2
420900;5700;9200;2
420950;5700;9300;2
420990;5700;9300;2
421040;5700;9300;2
421080;5800;9400;2
421170;5800;9400;2
421260;5900;9500;2
421350;5900;9500;2
421400;6000;9600;2
421440;6000;9600;2
421530;6000;9700;2
421620;6100;9700;2
421710;6200;9800;2
421810;6200;9800;2
421900;6300;9900;2
421940;6400;10000;2
421990;6400;10000;2
422040;6400;10000;2
422130;6500;10100;2
422220;6500;10100;2
422320;6600;10200;2
422360;6700;10200;2
422410;6700;10300;2
422460;6700;10300;2
422500;6800;10300;2
422550;6800;10300;2
422600;6800;10400;2
422650;6900;10400;2
422740;6900;10400;2
422840;7000;10500;2
422880;7100;10500;2
422930;7100;10600;2
422980;7100;10600;2
423030;7200;10600;2
423080;7200;10600;2
423170;7300;10700;2
423220;7300;10700;2
423270;7400;10700;2
423370;7400;10800;2
423470;7500;10800;2
423570;7600;10800;2
423620;7700;10900;2
423670;7700;10900;2
423720;7800;10900;2
423770;7800;11000;2
423820;7800;11000;2
423870;7900;11000;2
423920;7900;11000;2
423970;8000;11000;2
424020;8000;11100;2
424070;8100;11100;2
424120;8100;11100;2
424170;8200;11100;2
424220;8200;11100;2
424270;8200;11100;2
424320;8300;11200;2
424370;8300;11200;2
424420;8400;11200;2
424470;8400;11200;2
424520;8500;11200;2
424570;8500;11300;2
424630;8600;11300;2
424680;8600;11300;2
424730;8700;11300;2
424830;8700;11300;2
424940;8800;11300;2
424990;8900;11400;2
425040;8900;11400;2
425090;9000;11400;2
425150;9000;11400;2
425200;9100;11400;2
425250;9100;11400;2
425350;9200;11400;2
425410;9300;11500;2
425510;9300;11500;2
425620;9400;11500;2
425720;9500;11500;2
425770;9600;11500;2
425830;9700;11500;2
425880;9700;11600;2
425930;9800;11600;2
425990;9900;11600;2
426040;9900;11600;2
426090;10000;11600;2
426150;10000;11600;2
426200;10100;11600;2
426260;10100;11600;2
426310;10200;11600;2
426420;10200;11600;2
426530;10300;11600;2
426580;10400;11600;2
426640;10500;11600;2
426750;10500;11600;2
426800;10600;11600;2
426910;10700;11600;2
426970;10800;11700;2
427080;10900;11700;2
427130;11000;11700;2
427250;11000;11700;2
427300;11100;11700;2
427360;11200;11700;2
427420;11200;11700;2
427530;11300;11700;2
427650;11400;11700;2
427700;11500;11700;2
427820;11600;11600;2
427880;11700;11600;2
427940;11800;11600;2
427990;11800;11600;2
428050;11900;11600;2
428110;11900;11600;2
428230;12000;11600;2
428280;12100;11600;2
428400;12200;11600;2
428520;12300;11600;2
428580;12400;11600;2
428700;12400;11600;2
428760;12600;11600;2
428880;12600;11600;2
428940;12700;11600;2
429060;12800;11600;2
429180;12900;11500;2
429240;13000;11500;2
429360;13100;11500;2
429420;13200;11500;2
429540;13300;11500;2
429600;13400;11500;2
429730;13500;11500;2
429790;13600;11500;2
429910;13600;11500;2
430040;13800;11400;2
430100;13900;11400;2
430220;13900;11400;2
430290;14100;11400;2
430410;14100;11400;2
430480;14300;11400;2
430600;14300;11400;2
430670;14500;11300;2
430800;14500;11300;2
430860;14600;11300;2
430990;14700;11300;2
431050;14800;11300;2
431180;14900;11300;2
431250;15000;11300;2
431380;15100;11300;2
431440;15200;11200;2
431570;15300;11200;2
431640;15400;11200;2
431770;15500;11200;2
431840;15600;11200;2
431970;15700;11200;2
432040;15800;11200;2
432170;15900;11200;2
432240;16000;11100;2
432370;16100;11100;2
432440;16200;11100;2
432570;16300;11100;2
432710;16400;11100;2
432780;16500;11100;2
432910;16600;11100;2
433050;16700;11100;2
433120;16900;11000;2
433190;16900;11000;2
433260;17000;11000;2
433400;17100;11000;2
433530;17200;11000;2
433600;17400;11000;2
433670;17400;11000;2
433740;17500;11000;2
433880;17600;11000;2
434020;17700;11000;2
434090;17800;11000;2
434230;17900;11000;2
434300;18100;11000;2
434440;18100;11000;2
434520;18300;11000;2
434660;18300;11000;2
434800;18500;11000;2
434870;18600;11000;2
435010;18700;11000;2
435090;18800;11000;2
435230;18900;11000;2
435370;19000;11000;2
435440;19200;11000;2
435590;19300;11000;2
435730;19400;11000;2
435880;19500;11000;2
435950;19700;11000;2
436090;19800;11000;2
436240;19900;11000;2
436310;20000;11100;2
436460;20100;11100;2
436600;20300;11100;2
436680;20400;11100;2
436820;20500;11100;2
436890;20600;11100;2
436970;20700;11100;2
437040;20800;11100;2
437190;20800;11100;2
437260;21000;11200;2
437410;21000;11200;2
437480;21200;11200;2
437550;21300;11200;2
437630;21300;11200;2
437770;21400;11200;2
437850;21500;11200;2
438000;21600;11300;2
438070;21800;11300;2
438220;21800;11300;2
438290;22000;11300;2
438440;22000;11300;2
438510;22200;11400;2
438660;22300;11400;2
438730;22400;11400;2
438880;22500;11400;2
439020;22600;11500;2
439090;22700;11500;2
439170;22800;11500;2
439240;22900;11500;2
439310;22900;11600;2
439450;23000;11600;2
439520;23100;11600;2
439660;23200;11700;2
439800;23300;11700;2
439870;23500;11700;2
440010;23500;11800;2
440150;23700;11800;2
440210;23800;11900;2
440350;23800;11900;2
440420;24000;11900;2
440490;24000;12000;2
440560;24100;12000;2
440700;24200;12000;2
440760;24300;12100;2
440900;24300;12100;2
440970;24500;12200;2
441040;24500;12200;2
441180;24600;12200;2
441250;24700;12300;2
441310;24700;12300;2
441450;24800;12300;2
441520;24900;12400;2
441590;25000;12400;2
441660;25000;12500;2
441730;25100;12500;2
441870;25200;12500;2
442000;25300;12600;2
442070;25400;12700;2
442210;25400;12700;2
442280;25500;12800;2
442350;25600;12800;2
442480;25700;12900;2
442620;25800;12900;2
442690;25900;13000;2
442820;25900;13000;2
442960;26000;13100;2
443030;26100;13200;2
443100;26200;13200;2
443160;26200;13300;2
443300;26300;13300;2
443370;26400;13400;2
443500;26500;13400;2
443570;26600;13500;2
443700;26600;13600;2
443770;26700;13600;2
443900;26700;13700;2
443970;26800;13800;2
444100;26900;13800;2
444170;27000;13900;2
444230;27000;13900;2
444370;27100;14000;2
444430;27200;14100;2
444570;27200;14100;2
444630;27300;14200;2
444760;27300;14300;2
444830;27400;14400;2
444960;27500;14400;2
445030;27600;14500;2
445160;27600;14500;2
445230;27700;14600;2
445360;27700;14700;2
445430;27800;14800;2
445560;27900;14800;2
445620;27900;14900;2
445760;28000;15000;2
445820;28000;15100;2
445960;28100;15100;2
446030;28200;15200;2
446160;28200;15300;2
446230;28300;15400;2
446360;28300;15500;2
446430;28400;15600;2
446560;28400;15600;2
446630;28500;15700;2
446760;28500;15800;2
446830;28600;15900;2
446970;28600;16000;2
447030;28700;16100;2
447170;28700;16100;2
447310;28800;16300;2
447380;28800;16400;2
447510;28900;16400;2
447650;28900;16500;2
447720;29000;16700;2
447860;29000;16700;2
447920;29100;16900;2
448060;29100;16900;2
448200;29200;17000;2
448270;29200;17200;2
448410;29200;17200;2
448550;29300;17400;2
448610;29300;17500;2
448750;29300;17500;2
448820;29400;17700;2
448960;29400;17700;2
449030;29500;17900;2
449170;29500;17900;2
449310;29500;18100;2
449380;29600;18200;2
449520;29600;18300;2
449600;29600;18400;2
449740;29600;18500;2
449810;29700;18600;2
449950;29700;18700;2
450020;29700;18800;2
450170;29700;18900;2
450240;29800;19000;2
450380;29800;19100;2
450530;29800;19200;2
450600;29900;19400;2
450750;29900;19500;2
450820;29900;19600;2
450970;29900;19700;2
451040;30000;19800;2
451190;30000;19900;2
451270;30000;20000;2
451420;30000;20100;2
451490;30000;20300;2
451650;30100;20300;2
451800;30100;20500;2
451870;30100;20600;2
451950;30100;20700;2
452110;30100;20800;2
452180;30200;20900;2
452340;30200;21000;2
452420;30200;21200;2
452570;30200;21200;2
452730;30200;21400;2
452810;30300;21600;2
452970;30300;21600;2
453050;30300;21800;2
453210;30300;21900;2
453290;30300;22000;2
453450;30400;22100;2
453620;30400;22300;2
453700;30400;22400;2
453860;30400;22500;2
453940;30400;22700;2
454110;30500;22700;2
454280;30500;22900;2
454440;30500;23100;2
454530;30500;23200;2
454610;30500;23300;2
454700;30600;23400;2
454870;30600;23500;2
455040;30600;23700;2
455120;30600;23800;2
455300;30600;23900;2
455470;30700;24100;2
455550;30700;24300;2
455640;30700;24300;2
455730;30700;24400;2
455900;30700;24500;2
456080;30700;24700;2
456170;30800;24900;2
456340;30800;24900;2
456430;30800;25100;2
456610;30800;25200;2
456790;30800;25400;2
456970;30900;25600;2
457060;30900;25700;2
457150;30900;25800;2
457240;30900;25900;2
457420;30900;26000;2
457600;31000;26200;2
457790;31000;26400;2
457880;31000;26600;2
457970;31000;26600;2
458060;31000;26700;2
458150;31000;26800;2
458340;31100;26900;2
458430;31100;27100;2
458530;31100;27200;2
458620;31100;27300;2
458810;31100;27400;2
458990;31200;27600;2
459090;31200;27700;2
459280;31200;27800;2
459470;31200;28000;2
459560;31300;28200;2
459750;31300;28300;2
459850;31300;28500;2
460040;31300;28600;2
460230;31300;28800;2
460430;31400;29000;2
460520;31400;29200;2
460620;31400;29300;2
460720;31400;29400;2
460910;31400;29500;2
461010;31500;29600;2
461210;31500;29700;2
461400;31500;29900;2
461500;31500;30100;2
461700;31600;30200;2
461900;31600;30400;2
462000;31600;30600;2
462100;31600;30700;2
462200;31700;30800;2
462400;31700;30900;2
462500;31700;31100;2
462600;31700;31200;2
462700;31700;31300;2
462900;31700;31400;2
463000;31800;31600;2
463100;31800;31700;2
463300;31800;31800;2
463500;31800;32000;2
463600;31900;32200;2
463810;31900;32300;2
463910;31900;32500;2
464110;31900;32600;2
464220;32000;32800;2
464320;32000;32900;2
464520;32000;33000;2
464630;32000;33200;2
464730;32100;33300;2
464830;32100;33400;2
465040;32100;33500;2
465140;32100;33700;2
465350;32100;33800;2
465450;32200;34000;2
465660;32200;34100;2
465760;32200;34300;2
465970;32200;34400;2
466070;32300;34600;2
466170;32300;34700;2
466270;32300;34800;2
466480;32300;34900;2
466580;32300;35100;2
466770;32400;35200;2
466870;32400;35400;2
467070;32400;35500;2
467260;32400;35700;2
467350;32500;35900;2
467540;32500;36000;2
467630;32500;36200;2
467810;32500;36300;2
467900;32500;36500;2
467990;32600;36600;2
468170;32600;36600;2
468260;32600;36800;2
468430;32600;36900;2
468520;32600;37100;2
468690;32700;37200;2
468860;32700;37300;2
469020;32700;37500;2
469110;32700;37700;2
469270;32800;37700;2
469350;32800;37900;2
469510;32800;38000;2
469660;32800;38100;2
469740;32800;38300;2
469890;32900;38400;2
469970;32900;38500;2
470120;32900;38600;2
470190;32900;38700;2
470340;32900;38800;2
470410;33000;39000;2
470560;33000;39000;2
470630;33000;39200;2
470770;33000;39200;2
470910;33000;39400;2
470980;33000;39500;2
471110;33100;39600;2
471180;33100;39700;2
471310;33100;39800;2
471380;33100;39900;2
471510;33100;40000;2
471640;33100;40100;2
471700;33200;40200;2
471820;33200;40300;2
471880;33200;40400;2
472000;33200;40500;2
472060;33200;40600;2
472180;33200;40700;2
472240;33300;40800;2
472350;33300;40800;2
472460;33300;40900;2
472510;33300;41000;2
472620;33300;41100;2
472670;33300;41200;2
472780;33300;41300;2
472830;33400;41400;2
472930;33400;41400;2
472980;33400;41500;2
473080;33400;41600;2
473130;33400;41700;2
473220;33400;41700;2
473320;33400;41800;2
473370;33400;41900;2
473460;33400;41900;2
473550;33500;42000;2
473640;33500;42100;2
473690;33500;42200;2
473780;33500;42300;2
473820;33500;42300;2
473910;33500;42400;2
473990;33500;42500;2
474080;33600;42600;2
474120;33600;42600;2
474200;33600;42700;2
474280;33600;42800;2
474320;33600;42800;2
474390;33600;42900;2
474470;33600;43000;2
474510;33600;43000;2
474580;33600;43100;2
474660;33600;43100;2
474730;33700;43200;2
474760;33700;43300;2
474830;33700;43300;2
474870;33700;43400;2
474930;33700;43400;2
475000;33700;43500;2
475030;33700;43500;2
475100;33700;43600;2
475160;33700;43600;2
475190;33700;43700;2
475250;33800;43700;2
475280;33800;43800;2
475310;33800;43800;2
475370;33800;43900;2
475430;33800;43900;2
475460;33800;44000;2
475490;33800;44000;2
475510;33800;44000;2
475570;33800;44100;2
475600;33800;44100;2
475660;33800;44100;2
475680;33800;44200;2
475740;33800;44200;2
475770;33800;44300;2
475820;33800;44300;2
475880;33900;44400;2
475910;33900;44400;2
475960;33900;44400;2
475990;33900;44500;2
476050;33900;44500;2
476100;33900;44600;2
476130;33900;44600;2
476160;33900;44700;2
476180;33900;44700;2
476240;33900;44700;2
476270;33900;44800;2
476290;33900;44800;2
476350;33900;44800;2
476370;34000;44900;2
476400;34000;44900;2
476430;34000;44900;2
476480;34000;45000;2
476510;34000;45000;2
476530;34000;45000;2
476590;34000;45100;2
476610;34000;45100;2
476640;34000;45100;2
476660;34000;45200;2
476720;34000;45200;2
476770;34100;45200;2
476790;34100;45300;2
476850;34100;45300;2
476900;34100;45400;2
476950;34100;45400;2
477000;34100;45500;2
477030;34200;45500;2
477080;34200;45500;2
477130;34200;45600;2
477160;34200;45600;2
477180;34200;45700;2
477230;34200;45700;2
477260;34300;45700;2
477280;34300;45800;2
477340;34300;45800;2
477360;34300;45800;2
477410;34300;45800;2
477460;34300;45900;2
477490;34400;45900;2
477510;34400;45900;2
477560;34400;46000;2
477590;34400;46000;2
477610;34500;46000;2
477640;34500;46000;2
477660;34500;46000;2
477680;34500;46100;2
477710;34500;46100;2
477730;34500;46100;2
477760;34500;46100;2
477780;34600;46100;2
477800;34600;46100;2
477830;34600;46200;2
477850;34600;46200;2
477870;34600;46200;2
477900;34700;46200;2
477920;34700;46200;2
477950;34700;46200;2
477970;34700;46300;2
477990;34700;46300;2
478020;34700;46300;2
478040;34800;46300;2
478070;34800;46300;2
478090;34800;46300;2
478120;34800;46300;2
478140;34800;46300;2
478170;34900;46400;2
478190;34900;46400;2
478220;34900;46400;2
478240;34900;46400;2
478270;34900;46400;2
478290;35000;46400;2
478320;35000;46400;2
478350;35000;46400;2
478380;35000;46400;2
478400;35000;46500;2
478430;35100;46500;2
478460;35100;46500;2
478490;35100;46500;2
478510;35100;46500;2
478540;35200;46500;2
478570;35200;46500;2
478590;35200;46500;2
478620;35200;46500;2
478650;35200;46500;2
478670;35300;46500;2
478700;35300;46500;2
478730;35300;46600;2
478750;35300;46600;2
478780;35400;46600;2
478810;35400;46600;2
478830;35400;46600;2
478860;35400;46600;2
478910;35400;46600;2
478940;35500;46600;2
478960;35500;46600;2
478990;35500;46600;2
479020;35600;46600;2
479070;35600;46600;2
479100;35600;46600;2
479130;35700;46600;2
479180;35700;46600;2
479240;35700;46600;2
479290;35800;46600;2
479320;35800;46600;2
479350;35900;46600;2
479380;35900;46600;2
479440;35900;46600;2
479500;36000;46600;2
479530;36000;46600;2
479550;36000;46600;2
479580;36100;46600;2
479610;36100;46600;2
479670;36100;46600;2
479690;36200;46600;2
479720;36200;46600;2
479750;36200;46600;2
479800;36200;46600;2
479830;36300;46600;2
479880;36300;46500;2
479910;36300;46500;2
479960;36400;46500;2
480020;36400;46500;2
480040;36500;46500;2
480100;36500;46500;2
480130;36500;46500;2
480180;36600;46500;2
480210;36600;46400;2
480260;36600;46400;2
480290;36700;46400;2
480350;36700;46400;2
480400;36800;46400;2
480460;36800;46300;2
480480;36800;46300;2
480540;36900;46300;2
480560;36900;46300;2
480620;36900;46300;2
480670;37000;46200;2
480730;37000;46200;2
480750;37100;46200;2
480810;37100;46200;2
480870;37200;46100;2
480890;37200;46100;2
480950;37200;46100;2
480980;37300;46100;2
481040;37300;46000;2
481070;37300;46000;2
481120;37400;46000;2
481150;37400;46000;2
481180;37400;45900;2
481240;37500;45900;2
481300;37500;45900;2
481330;37600;45900;2
481390;37600;45900;2
481460;37600;45800;2
481490;37700;45800;2
481520;37700;45800;2
481580;37700;45800;2
481640;37800;45700;2
481680;37900;45700;2
481740;37900;45700;2
481800;37900;45600;2
481870;38000;45600;2
481900;38000;45600;2
481970;38100;45600;2
482040;38100;45500;2
482070;38200;45500;2
482140;38200;45500;2
482180;38300;45400;2
482250;38300;45400;2
482320;38400;45400;2
482360;38400;45400;2
482430;38500;45300;2
482460;38500;45300;2
482540;38600;45300;2
482580;38600;45300;2
482650;38700;45200;2
482690;38700;45200;2
482760;38800;45200;2
482840;38800;45200;2
482880;38900;45100;2
482960;38900;45100;2
483040;39000;45100;2
483080;39100;45100;2
483160;39100;45100;2
483240;39200;45000;2
483280;39200;45000;2
483360;39300;45000;2
483440;39400;45000;2
483480;39400;45000;2
483520;39500;44900;2
483600;39500;44900;2
483690;39600;44900;2
483730;39700;44900;2
483770;39700;44900;2
483810;39700;44900;2
483890;39800;44900;2
483940;39800;44800;2
483980;39900;44800;2
484060;39900;44800;2
484140;40000;44800;2
484220;40100;44800;2
484270;40200;44700;2
484350;40200;44700;2
484390;40300;44700;2
484480;40300;44700;2
484520;40400;44700;2
484610;40500;44700;2
484690;40500;44700;2
484740;40600;44600;2
484780;40700;44600;2
484820;40700;44600;2
484870;40700;44600;2
484960;40800;44600;2
485000;40900;44600;2
485090;40900;44600;2
485140;41000;44500;2
485230;41100;44500;2
485280;41100;44500;2
485370;41200;44500;2
485420;41300;44500;2
485460;41300;44500;2
485510;41400;44500;2
485610;41400;44500;2
485660;41500;44400;2
485750;41600;44400;2
485800;41700;44400;2
485900;41700;44400;2
486000;41800;44400;2
486100;41900;44400;2
486150;42000;44400;2
486200;42100;44400;2
486250;42100;44300;2
486350;42200;44300;2
486460;42300;44300;2
486510;42400;44300;2
486560;42400;44300;2
486610;42500;44300;2
486660;42500;44300;2
486770;42600;44300;2
486880;42700;44300;2
486980;42800;44200;2
487040;42900;44200;2
487140;42900;44200;2
487250;43000;44200;2
487310;43100;44200;2
487420;43200;44200;2
487470;43300;44200;2
487530;43400;44200;2
487580;43400;44100;2
487700;43500;44100;2
487750;43600;44100;2
487810;43600;44100;2
487860;43700;44100;2
487920;43700;44100;2
488030;43800;44100;2
488090;43900;44100;2
488200;44000;44100;2
488260;44100;44100;2
488370;44100;44000;2
488420;44200;44000;2
488530;44300;44000;2
488590;44400;44000;2
488700;44500;44000;2
488760;44600;44000;2
488870;44600;44000;2
488970;44700;44000;2
489030;44800;44000;2
489080;44900;43900;2
489190;45000;43900;2
489240;45100;43900;2
489340;45100;43900;2
489400;45200;43900;2
489500;45300;43900;2
489600;45400;43900;2
489700;45500;43900;2
489750;45600;43900;2
489840;45600;43900;2
489890;45700;43900;2
489980;45800;43800;2
490070;45900;43800;2
490120;45900;43800;2
490160;46000;43800;2
490250;46000;43800;2
490300;46100;43800;2
490380;46200;43800;2
490420;46200;43800;2
490510;46300;43800;2
490550;46400;43800;2
490630;46400;43800;2
490670;46500;43800;2
490750;46500;43800;2
490790;46600;43800;2
490870;46700;43800;2
490910;46700;43800;2
490990;46800;43700;2
491030;46900;43700;2
491100;46900;43700;2
491140;47000;43700;2
491210;47000;43700;2
491280;47100;43700;2
491320;47200;43700;2
491390;47200;43700;2
491430;47300;43700;2
491490;47300;43700;2
491530;47400;43700;2
491600;47400;43700;2
491670;47500;43700;2
491700;47500;43700;2
491770;47600;43700;2
491800;47600;43700;2
491870;47700;43700;2
491930;47700;43700;2
491970;47800;43700;2
492030;47800;43700;2
492100;47900;43700;2
492130;48000;43700;2
492190;48000;43700;2
492230;48100;43700;2
492290;48100;43700;2
492320;48200;43700;2
492390;48200;43700;2
492450;48300;43700;2
492480;48300;43700;2
492550;48400;43700;2
492610;48400;43800;2
492640;48500;43800;2
492700;48500;43800;2
492730;48600;43800;2
492800;48600;43800;2
492830;48700;43800;2
492890;48700;43800;2
492920;48800;43800;2
492990;48800;43800;2
493020;48800;43900;2
493080;48900;43900;2
493110;48900;43900;2
493150;49000;43900;2
493210;49000;43900;2
493270;49000;43900;2
493300;49100;44000;2
493370;49100;44000;2
493400;49200;44000;2
493430;49200;44000;2
493470;49200;44000;2
493500;49300;44000;2
493530;49300;44100;2
493560;49300;44100;2
493640;49300;44100;2
493700;49400;44100;2
493800;49400;44100;2
493850;49500;44200;2
493890;49500;44200;2
493990;49500;44200;2
494040;49600;44300;2
494140;49600;44300;2
494250;49600;44300;2
494300;49700;44400;2
494410;49700;44400;2
494440;49800;44400;2
494500;49800;44400;2
494570;49800;44500;2
494630;49900;44500;2
494660;49900;44600;2
494700;49900;44600;2
494760;50000;44600;2
494830;50000;44700;2
494860;50100;44700;2
494930;50100;44800;2
494990;50100;44800;2
495030;50200;44900;2
495060;50200;44900;2
495090;50200;44900;2
495130;50200;45000;2
495160;50200;45000;2
495230;50200;45000;2
495260;50300;45100;2
495330;50300;45100;2
495370;50300;45200;2
495400;50400;45200;2
495440;50400;45200;2
495510;50400;45200;2
495580;50400;45300;2
495620;50500;45400;2
495690;50500;45400;2
495770;50500;45500;2
495800;50600;45500;2
495880;50600;45600;2
495920;50600;45600;2
495990;50600;45700;2
496030;50700;45700;2
496110;50700;45800;2
496190;50700;45900;2
496230;50700;45900;2
496310;50800;46000;2
496360;50800;46000;2
496440;50800;46100;2
496480;50800;46200;2
496570;50800;46200;2
496610;50900;46300;2
496700;50900;46300;2
496740;50900;46400;2
496830;50900;46400;2
496870;51000;46500;2
496960;51000;46600;2
497010;51000;46600;2
497100;51000;46700;2
497200;51100;46800;2
497240;51100;46900;2
497340;51100;46900;2
497390;51100;47000;2
497480;51200;47000;2
497530;51200;47100;2
497630;51200;47200;2
497680;51200;47300;2
497780;51200;47300;2
497890;51300;47400;2
497940;51300;47500;2
497990;51300;47600;2
498040;51300;47600;2
498100;51400;47700;2
498200;51400;47700;2
498260;51400;47800;2
498360;51400;47900;2
498470;51500;48000;2
498530;51500;48100;2
498640;51500;48100;2
498700;51500;48200;2
498810;51500;48300;2
498920;51600;48400;2
498980;51600;48500;2
499040;51600;48600;2
499100;51600;48600;2
499210;51700;48700;2
499270;51700;48800;2
499390;51700;48900;2
499510;51700;49000;2
499570;51800;49100;2
499690;51800;49100;2
499810;51800;49300;2
499880;51800;49400;2
500000;51900;49400;2
500060;51900;49600;2
500190;51900;49600;2
500250;51900;49700;2
500380;52000;49800;2
500440;52000;49900;2
500570;52000;50000;2
500640;52000;50100;2
500770;52100;50200;2
500900;52100;50300;2
500970;52100;50400;2
501100;52100;50500;2
501230;52200;50600;2
501300;52200;50800;2
501370;52200;50800;2
501510;52200;50900;2
501650;52300;51000;2
501720;52300;51200;2
501790;52300;51200;2
501930;52300;51300;2
502000;52400;51400;2
502140;52400;51500;2
502290;52400;51600;2
502360;52400;51800;2
502430;52500;51800;2
502500;52500;51900;2
502650;52500;52000;2
502730;52500;52100;2
502870;52500;52200;2
502950;52600;52300;2
503100;52600;52400;2
503250;52600;52600;2
503330;52600;52700;2
503480;52700;52800;2
503560;52700;52900;2
503710;52700;53000;2
503790;52700;53200;2
503940;52800;53200;2
504100;52800;53400;2
504180;52800;53600;2
504340;52800;53600;2
504420;52900;53800;2
504580;52900;53900;2
504660;52900;54000;2
504820;52900;54100;2
504980;52900;54300;2
505070;53000;54400;2
505150;53000;54500;2
505230;53000;54600;2
505400;53000;54700;2
505480;53000;54800;2
505650;53100;54900;2
505810;53100;55100;2
505980;53100;55200;2
506070;53100;55400;2
506240;53200;55500;2
506410;53200;55700;2
506580;53200;55800;2
506660;53200;56000;2
506830;53300;56100;2
507010;53300;56200;2
507180;53300;56400;2
507360;53300;56600;2
507530;53400;56800;2
507710;53400;56900;2
507890;53400;57100;2
507980;53500;57300;2
508070;53500;57400;2
508240;53500;57500;2
508420;53500;57600;2
508510;53500;57800;2
508600;53600;57900;2
508700;53600;58000;2
508790;53600;58100;2
508880;53600;58200;2
508970;53600;58300;2
509060;53600;58300;2
509150;53700;58400;2
509240;53700;58500;2
509340;53700;58600;2
509430;53700;58700;2
509520;53700;58800;2
509610;53700;58900;2
509710;53700;59000;2
509800;53800;59100;2
509890;53800;59200;2
510080;53800;59300;2
510270;53800;59400;2
510360;53900;59600;2
510450;53900;59700;2
510550;53900;59800;2
510740;53900;59900;2
510930;53900;60100;2
511120;54000;60300;2
511210;54000;60500;2
511310;54000;60600;2
511410;54000;60700;2
511600;54100;60700;2
511690;54100;60900;2
511890;54100;61000;2
512080;54100;61200;2
512180;54200;61400;2
512370;54200;61500;2
512470;54200;61700;2
512670;54200;61800;2
512760;54300;62000;2
512960;54300;62100;2
513160;54300;62300;2
513260;54400;62500;2
513450;54400;62600;2
513550;54400;62800;2
513750;54400;62900;2
513850;54500;63100;2
513950;54500;63200;2
514050;54500;63300;2
514250;54500;63400;2
514450;54500;63600;2
514550;54600;63700;2
514750;54600;63800;2
514850;54600;64000;2
515050;54600;64100;2
515150;54700;64300;2
515250;54700;64400;2
515340;54700;64500;2
515540;54700;64600;2
515730;54800;64800;2
515920;54800;65000;2
516010;54800;65200;2
516110;54800;65300;2
516290;54900;65400;2
516470;54900;65600;2
516560;54900;65700;2
516740;54900;65800;2
516820;55000;66000;2
516990;55000;66100;2
517160;55000;66300;2
517240;55000;66400;2
517330;55000;66500;2
517410;55100;66600;2
517490;55100;66700;2
517650;55100;66700;2
517720;55100;66900;2
517800;55100;67000;2
517880;55100;67100;2
517950;55100;67100;2
518030;55200;67200;2
518100;55200;67300;2
518170;55200;67300;2
518240;55200;67400;2
518310;55200;67500;2
518380;55200;67600;2
518450;55200;67600;2
518520;55200;67700;2
518590;55200;67800;2
518660;55300;67800;2
518720;55300;67900;2
518790;55300;68000;2
518850;55300;68000;2
518920;55300;68100;2
518980;55300;68200;2
519040;55300;68200;2
519110;55300;68300;2
519170;55300;68300;2
519230;55300;68400;2
519290;55400;68500;2
519350;55400;68500;2
519410;55400;68600;2
519470;55400;68600;2
519520;55400;68700;2
519580;55400;68800;2
519640;55400;68800;2
519690;55400;68900;2
519750;55400;68900;2
519810;55400;69000;2
519860;55500;69000;2
519910;55500;69100;2
519970;55500;69100;2
520070;55500;69200;2
520180;55500;69300;2
520230;55500;69400;2
520280;55500;69400;2
520380;55500;69500;2
520470;55500;69600;2
520570;55600;69700;2
520660;55600;69800;2
520710;55600;69900;2
520750;55600;69900;2
520800;55600;70000;2
520890;55600;70000;2
520970;55600;70100;2
521060;55600;70200;2
521100;55700;70300;2
521180;55700;70300;2
521260;55700;70400;2
521340;55700;70500;2
521380;55700;70500;2
521420;55700;70600;2
521460;55700;70600;2
521490;55700;70600;2
521530;55700;70700;2
521570;55700;70700;2
521610;55700;70800;2
521640;55700;70800;2
521680;55700;70800;2
521750;55700;70900;2
521820;55700;70900;2
521860;55700;71000;2
521890;55700;71000;2
521920;55700;71100;2
521960;55700;71100;2
521990;55700;71100;2
522070;55700;71200;2
522100;55700;71200;2
522180;55700;71300;2
522250;55700;71300;2
522290;55700;71400;2
522360;55700;71400;2
522430;55600;71500;2
522510;55600;71600;2
522540;55600;71600;2
522620;55600;71700;2
522690;55600;71700;2
522730;55600;71800;2
522810;55500;71800;2
522880;55500;71900;2
522920;55500;72000;2
523000;55500;72000;2
523040;55500;72000;2
523120;55500;72100;2
523160;55400;72100;2
523240;55400;72200;2
523280;55400;72200;2
523360;55400;72300;2
523440;55400;72300;2
523530;55300;72400;2
523570;55300;72500;2
523650;55300;72500;2
523730;55300;72600;2
523770;55200;72600;2
523850;55200;72600;2
523890;55200;72700;2
523970;55200;72700;2
524050;55100;72800;2
524090;55100;72900;2
524180;55100;72900;2
524260;55000;73000;2
524300;55000;73000;2
524340;55000;73000;2
524390;55000;73100;2
524430;54900;73100;2
524510;54900;73100;2
524550;54900;73200;2
524640;54900;73200;2
524720;54800;73300;2
524760;54800;73300;2
524800;54700;73400;2
524840;54700;73400;2
524880;54700;73400;2
524970;54700;73500;2
525050;54600;73500;2
525090;54600;73600;2
525170;54500;73600;2
525210;54500;73600;2
525300;54500;73700;2
525380;54400;73700;2
525420;54300;73800;2
525510;54300;73800;2
525550;54300;73800;2
525630;54200;73900;2
525670;54200;73900;2
525750;54100;73900;2
525830;54100;74000;2
525870;54000;74000;2
525910;54000;74100;2
526000;53900;74100;2
526040;53900;74100;2
526120;53800;74100;2
526160;53800;74200;2
526240;53700;74200;2
526280;53600;74200;2
526370;53600;74300;2
526410;53500;74300;2
526490;53500;74300;2
526540;53400;74400;2
526620;53400;74400;2
526710;53300;74400;2
526750;53200;74500;2
526840;53200;74500;2
526930;53100;74500;2
526970;53000;74500;2
527060;53000;74600;2
527100;52900;74600;2
527190;52900;74600;2
527240;52800;74700;2
527330;52700;74700;2
527370;52700;74700;2
527470;52600;74700;2
527510;52500;74800;2
527600;52500;74800;2
527700;52400;74800;2
527740;52300;74800;2
527790;52300;74800;2
527890;52200;74900;2
527930;52100;74900;2
528030;52100;74900;2
528080;52000;74900;2
528120;51900;75000;2
528220;51900;75000;2
528270;51800;75000;2
528370;51800;75000;2
528410;51700;75000;2
528510;51600;75000;2
528560;51500;75100;2
528610;51500;75100;2
528710;51400;75100;2
528760;51300;75100;2
528810;51300;75100;2
528860;51200;75100;2
528910;51200;75200;2
528960;51100;75200;2
529010;51100;75200;2
529060;51000;75200;2
529160;51000;75200;2
529210;50900;75200;2
529270;50800;75200;2
529320;50800;75200;2
529420;50700;75200;2
529470;50600;75300;2
529520;50600;75300;2
529630;50500;75300;2
529680;50400;75300;2
529730;50400;75300;2
529840;50300;75300;2
529890;50200;75300;2
530000;50200;75300;2
530060;50100;75400;2
530170;50000;75400;2
530220;49900;75400;2
530270;49800;75400;2
530390;49800;75400;2
530440;49700;75400;2
530500;49600;75400;2
530550;49600;75400;2
530670;49500;75500;2
530720;49400;75500;2
530840;49400;75500;2
530890;49200;75500;2
530950;49200;75500;2
531010;49100;75500;2
531070;49100;75500;2
531130;49000;75500;2
531180;49000;75500;2
531300;48900;75600;2
531360;48800;75600;2
531480;48700;75600;2
531540;48600;75600;2
531660;48500;75600;2
531720;48400;75600;2
531780;48400;75600;2
531840;48300;75600;2
531900;48200;75600;2
532030;48200;75700;2
532090;48100;75700;2
532210;48000;75700;2
532270;47900;75700;2
532400;47800;75700;2
532460;47700;75700;2
532590;47600;75700;2
532650;47500;75800;2
532770;47400;75800;2
532840;47300;75800;2
532970;47300;75800;2
533030;47100;75800;2
533160;47100;75800;2
533220;46900;75900;2
533350;46900;75900;2
533410;46800;75900;2
533540;46700;75900;2
533610;46600;75900;2
533740;46500;75900;2
533810;46400;75900;2
533940;46300;76000;2
534000;46200;76000;2
534140;46100;76000;2
534200;46000;76000;2
534330;45900;76000;2
534400;45800;76000;2
534540;45700;76100;2
534600;45600;76100;2
534740;45500;76100;2
534810;45400;76100;2
534940;45300;76100;2
535010;45200;76100;2
535150;45100;76200;2
535210;45000;76200;2
535350;44900;76200;2
535420;44800;76200;2
535560;44700;76200;2
535630;44600;76200;2
535770;44500;76300;2
535840;44400;76300;2
535980;44300;76300;2
536120;44200;76300;2
536190;44000;76300;2
536260;44000;76300;2
536330;43900;76400;2
536470;43800;76400;2
536540;43700;76400;2
536610;43600;76400;2
536690;43500;76400;2
536760;43500;76400;2
536830;43400;76400;2
536970;43300;76400;2
537050;43200;76500;2
537190;43100;76500;2
537260;43000;76500;2
537410;42900;76500;2
537480;42700;76500;2
537630;42700;76500;2
537700;42500;76600;2
537770;42500;76600;2
537850;42400;76600;2
537990;42300;76600;2
538070;42200;76600;2
538220;42100;76600;2
538370;41900;76700;2
538440;41800;76700;2
538510;41700;76700;2
538660;41700;76700;2
538810;41500;76700;2
538890;41400;76800;2
538960;41300;76800;2
539120;41200;76800;2
539190;41100;76800;2
539340;41000;76800;2
539500;40800;76800;2
539570;40700;76900;2
539730;40600;76900;2
539800;40500;76900;2
539880;40400;76900;2
539960;40300;76900;2
540030;40200;76900;2
540190;40200;76900;2
540260;40000;77000;2
540340;39900;77000;2
540420;39900;77000;2
540500;39800;77000;2
540570;39700;77000;2
540730;39600;77000;2
540810;39500;77100;2
540970;39400;77100;2
541040;39200;77100;2
